ticker,name,industry,country,price,target_avg,target_min,target_max,analysts,market_cap,div_rate,ex_div,earnings,eps_ttm,as_of
NVDA,NVIDIA Corporation,Semiconductors,United States,233.95,327.7,180.0,515.0,59,5649190617088,1.0,2026-09-10,2026-11-17,7.92,2026-10-03
AAPL,Apple Inc.,Consumer Electronics,United States,333.69,328.09384,215.0,405.0,39,4869931925504,1.08,2026-08-10,2026-10-29,8.72,2026-10-03
GOOGL,Alphabet Inc.,Internet Content & Information,United States,343.5,429.36295,340.0,515.0,54,4200982642688,0.88,2026-09-04,2026-10-28,19.92,2026-10-03
MSFT,Microsoft Corporation,Software - Infrastructure,United States,517.53,578.82245,440.0,870.0,53,3842942959616,3.92,2026-11-19,2026-10-28,17.95,2026-10-03
AMZN,"Amazon.com, Inc.",Internet Retail,United States,251.52,330.59192,230.0,405.0,57,2712973606912,,,2026-10-29,12.44,2026-10-03
TSM,Taiwan Semiconductor Manufactur,Semiconductors,Taiwan,472.78,552.2594,440.0,700.0,20,2452061159424,4.07,2026-12-10,2026-10-15,13.41,2026-10-03
META,"Meta Platforms, Inc.",Internet Content & Information,United States,728.08,794.9607,580.0,1000.0,58,1854788337664,2.1,2026-09-21,2026-10-28,26.57,2026-10-03
AVGO,Broadcom Inc.,Semiconductors,United States,355.14,531.3149,215.88,715.0,47,1695307005952,2.6,2026-09-21,2026-12-09,7.83,2026-10-03
TSLA,"Tesla, Inc.",Auto Manufacturers,United States,370.59,395.56894,125.0,600.0,38,1463662804992,,,2026-10-21,1.06,2026-10-03
MU,"Micron Technology, Inc.",Semiconductors,United States,1074.89,1520.0217,361.0,2200.0,46,1213973397504,0.6,2026-10-14,2026-12-23,74.29,2026-10-03
BRK.A,Berkshire Hathaway Inc.,Insurance - Diversified,United States,754790.0,799502.75,735000.0,906011.0,4,1077190983680,,,2026-11-07,59688.55,2026-10-03
BRK.B,Berkshire Hathaway Inc. New,Insurance - Diversified,United States,502.65,547.6667,510.0,604.0,3,1076027719680,,,2026-11-07,39.79,2026-10-03
AMD,"Advanced Micro Devices, Inc.",Semiconductors,United States,633.91,619.508,365.0,1250.0,50,1034842210304,,,2026-11-03,3.94,2026-10-03
LLY,Eli Lilly and Company,Drug Manufacturers - General,United States,1142.85,1328.8337,930.0,1600.0,29,1019126611968,6.92,2026-08-14,2026-10-29,29.78,2026-10-03
JPM,JP Morgan Chase & Co.,Banks - Diversified,United States,332.38,375.8095,305.0,436.0,21,883527974912,6.6,2026-10-06,2026-10-13,23.36,2026-10-03
WMT,Walmart Inc.,Discount Stores,United States,104.26,126.775,81.0,155.0,40,829709352960,0.99,2026-12-11,2026-11-19,2.76,2026-10-03
ASML,ASML Holding N.V. - New York Re,Semiconductor Equipment & Materials,Netherlands,1867.31,2096.7678,870.922,2788.837,16,717233782784,9.08,2026-07-28,2026-10-14,28.75,2026-10-03
V,Visa Inc.,Credit Services,United States,360.66,419.36163,330.0,466.0,37,677086953472,2.68,2026-08-11,2026-10-27,11.77,2026-10-03
XOM,ExxonMobil Holdings Corporation,Oil & Gas Integrated,United States,164.01,173.40909,142.0,200.0,22,674394669056,4.12,2026-08-17,2026-10-30,7.77,2026-10-03
INTC,Intel Corporation,Semiconductors,United States,119.33,116.37209,75.0,200.0,43,630790946816,,,2026-10-22,-2.09,2026-10-03
JNJ,Johnson & Johnson,Drug Manufacturers - General,United States,256.03,279.27274,190.0,320.0,22,617006301184,5.36,2026-08-25,2026-10-13,8.61,2026-10-03
MA,Mastercard Incorporated,Credit Services,United States,552.26,666.7138,550.0,740.0,37,483785244672,3.48,2026-10-09,2026-10-29,18.21,2026-10-03
TCEHY,Tencent Holding Ltd.,Internet Content & Information,China,53.11,96.82824,84.564316,106.71204,3,478346313728,0.67,2026-05-18,2026-11-18,3.8,2026-10-03
ABBV,AbbVie Inc.,Drug Manufacturers - General,United States,262.82,278.85715,200.0,328.0,28,464433774592,6.92,2026-10-15,2026-10-30,3.51,2026-10-03
PLTR,Palantir Technologies Inc.,Software - Infrastructure,United States,188.75,195.56538,80.0,255.0,26,453577277440,,,2026-11-02,1.18,2026-10-03
CSCO,"Cisco Systems, Inc.",Communication Equipment,United States,112.2,136.16,110.0,170.0,25,442358235136,1.68,2026-10-02,2026-11-12,3.33,2026-10-03
LRCX,Lam Research Corporation,Semiconductor Equipment & Materials,United States,347.49,375.0645,290.0,500.0,31,434857443328,1.32,2026-09-23,2026-10-21,5.95,2026-10-03
ORCL,Oracle Corporation,Software - Infrastructure,United States,142.3,237.97415,110.0,400.0,41,431382593536,2.0,2026-10-09,2026-12-10,6.38,2026-10-03
AMAT,"Applied Materials, Inc.",Semiconductor Equipment & Materials,United States,540.04,638.94446,358.0,900.0,36,428574343168,2.12,2026-11-19,2026-11-12,11.59,2026-10-03
COST,Costco Wholesale Corporation,Discount Stores,United States,920.65,1057.9429,770.0,1315.0,35,408092835840,5.88,2026-07-24,2026-12-10,20.77,2026-10-03
CVX,Chevron Corporation,Oil & Gas Integrated,United States,206.69,224.625,175.0,250.0,24,405443805184,7.12,2026-08-19,2026-10-30,10.4,2026-10-03
CAT,"Caterpillar, Inc.",Farm & Heavy Construction Machinery,United States,845.42,975.60614,575.0,1225.0,26,388618321920,6.52,2026-07-20,2026-10-29,23.22,2026-10-03
BAC,Bank of America Corporation,Banks - Diversified,United States,53.75,67.95238,62.0,76.0,21,375860232192,1.28,2026-09-04,2026-10-14,4.33,2026-10-03
KO,Coca-Cola Company (The),Beverages - Non-Alcoholic,United States,85.65,94.65217,75.0,104.0,23,368513318912,2.12,2026-09-15,2026-10-27,3.33,2026-10-03
DELL,Dell Technologies Inc.,Computer Hardware,United States,562.52,583.96,480.0,735.0,25,357657378816,2.52,2026-10-20,2026-11-27,17.17,2026-10-03
MRK,"Merck & Company, Inc.",Drug Manufacturers - General,United States,144.3,155.76,105.0,186.0,25,356012851200,3.4,2026-09-15,2026-10-29,1.25,2026-10-03
PG,Procter & Gamble Company (The),Household & Personal Products,United States,144.91,160.6087,143.0,186.0,23,336578478080,4.35,2026-07-24,2026-10-22,6.62,2026-10-03
UNH,UnitedHealth Group Incorporated,Healthcare Plans,United States,371.9,481.72,380.0,529.0,25,333815513088,9.28,2026-09-14,2026-10-13,15.56,2026-10-03
RHHBY,Roche Holding Ltd,Drug Manufacturers - General,Switzerland,52.23,60.58571,53.0,67.1,7,332920651776,1.55,2026-03-13,2026-01-29,2.3,2026-10-03
PANW,"Palo Alto Networks, Inc.",Software - Infrastructure,United States,403.24,396.92,190.0,475.0,50,329850322944,,,2026-11-19,0.4,2026-10-03
HSBC,"HSBC Holdings, plc.",Banks - Diversified,United Kingdom,96.14,106.08,101.0,115.24,3,328925478912,3.75,2026-08-14,2026-10-27,7.0,2026-10-03
ARM,Arm Holdings plc,Semiconductors,United Kingdom,307.49,288.705,125.0,500.0,40,328398864384,,,2026-11-04,0.99,2026-10-03
GE,GE Aerospace,Aerospace & Defense,United States,309.56,396.8095,347.0,450.0,21,321187840000,1.88,2026-10-05,2026-10-20,8.47,2026-10-03
MS,Morgan Stanley,Capital Markets,United States,190.31,233.42857,184.0,262.0,21,298894458880,4.6,2026-07-31,2026-10-14,12.37,2026-10-03
PM,Philip Morris International Inc,Tobacco,United States,187.46,208.13333,175.0,230.0,15,292177674240,6.4,2026-10-02,2026-10-21,7.28,2026-10-03
HD,"Home Depot, Inc. (The)",Home Improvement Retail,United States,282.85,377.1875,310.0,425.0,32,282196508672,9.32,2026-09-03,2026-11-17,14.28,2026-10-03
NFLX,"Netflix, Inc.",Entertainment,United States,67.06,92.92667,57.0,135.0,45,279233789952,,,2026-10-20,3.18,2026-10-03
CRWD,"CrowdStrike Holdings, Inc.",Software - Infrastructure,United States,270.04,236.27,132.0,300.0,50,276503363584,,,2026-12-01,0.03,2026-10-03
SHEL,Shell PLC,Oil & Gas Integrated,United Kingdom,96.23,103.81333,83.0,123.0,15,274148933632,3.12,2026-08-14,2026-10-29,9.04,2026-10-03
RY,Royal Bank Of Canada,Banks - Diversified,Canada,195.67,207.51143,182.69218,224.8003,3,270891384832,5.07,2026-10-26,2026-12-03,11.17,2026-10-03
KLAC,KLA Corporation,Semiconductor Equipment & Materials,United States,206.89,233.76923,175.0,325.0,26,269992787968,0.92,2026-08-17,2026-10-28,3.67,2026-10-03
TXN,Texas Instruments Incorporated,Semiconductors,United States,293.8,324.7097,225.0,400.0,31,268312150016,6.08,2026-10-30,2026-10-21,6.58,2026-10-03
NVS,Novartis AG,Drug Manufacturers - General,Switzerland,141.0,156.28636,130.0,185.0,11,268000804864,4.74,2026-03-11,2026-10-27,6.62,2026-10-03
BABA,Alibaba Group Holding Limited,Internet Retail,China,105.85,185.5814,95.351776,238.5936,39,263327809536,1.05,2026-06-11,2026-11-24,4.43,2026-10-03
GEV,GE Vernova Inc.,Specialty Industrial Machinery,United States,988.7,1230.341,940.0,1450.0,33,263324024832,2.0,2026-10-27,2026-10-28,34.86,2026-10-03
GS,"Goldman Sachs Group, Inc. (The)",Capital Markets,United States,902.56,1116.75,730.0,1300.0,20,262799654912,20.0,2026-09-01,2026-10-13,64.74,2026-10-03
ANET,"Arista Networks, Inc.",Computer Hardware,United States,207.35,242.20724,190.0,289.0,29,261514952704,,,2026-11-03,3.18,2026-10-03
RTX,RTX Corporation,Aerospace & Defense,United States,184.68,234.13635,200.0,265.0,22,248903958528,2.92,2026-08-14,2026-10-20,5.68,2026-10-03
MRVL,"Marvell Technology, Inc.",Semiconductors,United States,272.29,290.9704,210.0,400.0,43,244708294656,0.24,2026-10-09,2026-12-01,3.03,2026-10-03
AZN,AstraZeneca PLC,Drug Manufacturers - General,United Kingdom,156.9,212.17273,184.0,240.0,11,243337101312,3.2,2026-08-07,2026-10-30,6.69,2026-10-03
WFC,Wells Fargo & Company,Banks - Diversified,United States,80.45,100.19565,90.0,115.0,23,243280723968,2.0,2026-08-07,2026-10-13,6.88,2026-10-03
TMO,Thermo Fisher Scientific Inc,Diagnostics & Research,United States,654.8,652.8461,520.0,780.0,26,242110529536,1.88,2026-09-15,2026-10-21,18.6,2026-10-03
SAP,SAP  SE,Software - Application,Germany,208.57,251.5,177.0,319.0,12,240732389376,2.93,2026-05-06,2026-10-21,7.57,2026-10-03
SIEGY,Siemens AG,Specialty Industrial Machinery,Germany,155.27,179.35,139.0,195.0,4,237706919936,3.17,2026-02-13,2026-11-12,5.67,2026-10-03
NSRGY,Nestle S.A.,Packaged Foods,Switzerland,90.24,109.4,92.0,128.0,5,232117125120,3.94,2026-04-21,2026-02-19,3.44,2026-10-03
LIN,Linde plc,Specialty Chemicals,United Kingdom,479.48,542.6,400.0,580.0,25,221030776832,6.4,2026-09-03,2026-10-30,15.49,2026-10-03
BHP,BHP Group Limited,Other Industrial Metals & Mining,Australia,86.07,77.58333,61.5,96.0,6,218744913920,3.96,2026-09-04,2026-08-17,3.86,2026-10-03
AMGN,Amgen Inc.,Drug Manufacturers - General,United States,403.04,390.9438,225.0,500.0,29,217896321024,10.08,2026-08-21,2026-11-03,16.09,2026-10-03
C,"Citigroup, Inc.",Banks - Diversified,United States,128.5,155.05,130.0,176.0,20,215550623744,2.68,2026-08-03,2026-10-13,9.28,2026-10-03
TM,Toyota Motor Corporation,Auto Manufacturers,Japan,181.49,234.07802,230.0,239.31209,4,214917464064,6.27,2026-03-31,2026-11-05,22.33,2026-10-03
APH,Amphenol Corporation,Electronic Components,United States,86.96,99.68421,85.0,115.0,19,214440476672,0.5,2026-09-22,2026-10-28,2.0,2026-10-03
LVMUY,LVMH-Moet Hennessy Louis Vuitto,Luxury Goods,France,85.27,117.83333,95.5,150.0,3,210175721472,3.04,2026-04-27,2026-07-27,4.97,2026-10-03
IBM,International Business Machines,Information Technology Services,United States,222.64,240.59,174.0,297.0,22,209756798976,6.76,2026-08-10,2026-10-21,11.26,2026-10-03
AXP,American Express Company,Credit Services,United States,302.78,375.82874,320.0,450.0,24,204470304768,3.8,2026-10-09,2026-10-23,16.49,2026-10-03
ADI,"Analog Devices, Inc.",Semiconductors,United States,417.15,470.71875,365.0,675.0,32,202136485888,4.4,2026-09-01,2026-11-24,8.42,2026-10-03
QCOM,QUALCOMM Incorporated,Semiconductors,United States,184.87,194.13333,100.0,400.0,30,197452333056,3.68,2026-09-03,2026-11-04,8.76,2026-10-03
SHOP,Shopify Inc.,Software - Application,Canada,151.39,172.77083,120.0,220.0,48,196451942400,,,2026-11-03,1.48,2026-10-03
SAN,"Banco Santander, S.A. Sponsored",Banks - Diversified,Spain,13.36,14.79333,13.0,15.78,3,193671970816,0.28,2026-05-04,2026-10-28,1.0,2026-10-03
CRM,"Salesforce, Inc.",Software - Application,United States,234.69,283.36075,160.0,475.0,54,193149878272,1.76,2026-09-17,2026-12-02,11.13,2026-10-03
STX,Seagate Technology Holdings PLC,Computer Hardware,Singapore,848.99,1125.0,700.0,1600.0,23,193054392320,2.96,2026-09-24,2026-10-27,13.9,2026-10-03
TD,Toronto Dominion Bank (The),Banks - Diversified,Canada,117.88,119.512115,95.36961,135.26993,3,192500006912,3.24,2026-10-09,2026-12-03,6.59,2026-10-03
VZ,Verizon Communications Inc.,Telecom Services,United States,45.92,51.16522,44.0,62.0,23,190787272704,2.83,2026-10-09,2026-10-26,3.84,2026-10-03
TTE,TotalEnergies SE,Oil & Gas Integrated,France,84.4,97.9,81.0,111.0,10,186310868992,4.24,2026-12-31,2026-10-29,7.99,2026-10-03
DE,Deere & Company,Farm & Heavy Construction Machinery,United States,687.0,691.8339,500.0,813.18,23,185232654336,6.48,2026-09-30,2026-11-25,18.02,2026-10-03
GILD,"Gilead Sciences, Inc.",Drug Manufacturers - General,United States,144.74,158.65385,123.0,180.0,26,179471122432,3.28,2026-09-15,2026-10-29,-2.66,2026-10-03
ALIZY,Allianz SE,Insurance - Diversified,Germany,46.83,63.69212,48.48425,78.9,2,177619763200,2.0,2026-05-11,2026-11-12,3.46,2026-10-03
DIS,Walt Disney Company (The),Entertainment,United States,102.19,126.61406,88.0,144.0,32,176450125824,1.5,2026-06-30,2026-11-12,4.85,2026-10-03
TMUS,"T-Mobile US, Inc.",Telecom Services,United States,163.64,241.84,169.0,296.0,25,175531982848,4.68,2026-11-25,2026-10-28,9.56,2026-10-03
SCCO,Southern Copper Corporation,Copper,United States,205.54,171.44041,138.33992,275.0,17,173546389504,4.4,2026-08-11,2026-10-22,6.67,2026-10-03
BLK,"BlackRock, Inc.",Asset Management,United States,1059.63,1318.1765,1190.0,1479.0,17,172164644864,22.92,2026-09-08,2026-10-14,41.72,2026-10-03
PEP,"Pepsico, Inc.",Beverages - Non-Alcoholic,United States,125.89,149.36365,124.0,180.0,22,171965743104,5.92,2026-09-04,2026-10-08,7.62,2026-10-03
ETN,"Eaton Corporation, PLC",Specialty Industrial Machinery,Ireland,436.11,481.1642,333.0,534.0,26,169385115648,4.4,2026-08-07,2026-11-03,9.84,2026-10-03
ABT,Abbott Laboratories,Medical Devices,United States,97.5,120.5836,103.0,135.0,25,168712372224,2.52,2026-10-15,2026-10-21,3.09,2026-10-03
EADSY,Airbus SE,Aerospace & Defense,Netherlands,53.19,61.90667,52.0,75.02,3,168395390976,0.94,2026-04-22,2026-10-28,2.13,2026-10-03
SCHW,Charles Schwab Corporation (The,Capital Markets,United States,96.7,124.19048,91.0,145.0,21,167226753024,1.28,2026-08-14,2026-10-15,5.49,2026-10-03
T,AT&T Inc.,Telecom Services,United States,24.3,28.84375,20.0,36.0,24,166512967680,1.11,2026-10-09,2026-10-21,3.03,2026-10-03
UNP,Union Pacific Corporation,Railroads,United States,278.28,328.91666,245.0,375.0,24,165319327744,5.68,2026-08-31,2026-10-22,12.37,2026-10-03
NVO,Novo Nordisk A/S,Drug Manufacturers - General,Denmark,37.32,45.88072,39.253246,62.11951,12,164789452800,1.8,2026-08-17,2026-11-04,3.94,2026-10-03
MCD,McDonald's Corporation,Restaurants,United States,231.89,297.2069,230.0,390.0,29,164095000576,7.72,2026-12-01,2026-11-05,12.31,2026-10-03
WELL,Welltower Inc.,Reit - Healthcare Facilities,United States,227.71,262.04544,219.0,292.0,22,164081467392,3.4,2026-08-12,2026-10-26,2.22,2026-10-03
RYCEY,Rolls Royce Holdings plc,Aerospace & Defense,United Kingdom,19.56,22.94,20.5,24.62,3,160977600512,0.15,2026-08-10,2026-07-30,0.48,2026-10-03
NEE,"NextEra Energy, Inc.",Utilities - Regulated Electric,United States,76.83,98.21053,56.0,114.0,19,160265715712,2.49,2026-08-28,2026-10-27,4.45,2026-10-03
PFE,"Pfizer, Inc.",Drug Manufacturers - General,United States,27.8,28.91346,25.0,35.75,26,158450925568,1.72,2026-07-24,2026-11-03,0.76,2026-10-03
RIO,Rio Tinto Plc,Other Industrial Metals & Mining,United Kingdom,94.21,103.64778,88.0,118.0,9,153222168576,4.65,2026-08-14,2026-07-28,7.38,2026-10-03
BA,Boeing Company (The),Aerospace & Defense,United States,193.56,273.42307,248.0,305.0,26,152984027136,,,2026-10-27,2.79,2026-10-03
COP,ConocoPhillips,Oil & Gas E&P,United States,126.75,146.48,126.0,189.0,25,152269520896,3.36,2026-08-17,2026-11-05,7.56,2026-10-03
DHR,Danaher Corporation,Diagnostics & Research,United States,214.06,234.72726,200.0,310.0,22,150481190912,1.6,2026-09-30,2026-10-21,5.61,2026-10-03
IBKR,"Interactive Brokers Group, Inc.",Capital Markets,United States,88.3,105.4,70.0,121.0,14,150446915584,0.35,2026-09-01,2026-10-15,2.52,2026-10-03
WDC,Western Digital Corporation,Computer Hardware,United States,415.29,664.9167,420.0,1050.0,24,149729050624,0.6,2026-09-08,2026-11-05,26.92,2026-10-03
UBS,UBS Group AG Registered,Banks - Diversified,Switzerland,47.71,55.03333,50.0,62.6,3,146075713536,1.1,2026-04-22,2026-10-28,2.94,2026-10-03
TJX,"TJX Companies, Inc. (The)",Apparel Retail,United States,132.68,169.8,136.0,198.0,20,145944543232,1.92,2026-11-12,2026-11-18,5.4,2026-10-03
BUD,Anheuser-Busch Inbev SA Sponsor,Beverages - Brewers,Belgium,73.43,96.383,85.0,109.0,10,144593125376,1.35,2026-05-08,2026-10-29,4.64,2026-10-03
DTEGY,Deutsche Telekom AG,Telecom Services,Germany,29.85,40.72123,38.74817,42.90555,3,144414982144,1.17,2026-04-07,2026-11-05,2.02,2026-10-03
GLW,Corning Incorporated,Electronic Components,United States,164.19,187.41176,129.0,238.0,17,141431357440,1.12,2026-08-31,2026-10-27,2.17,2026-10-03
ISRG,"Intuitive Surgical, Inc.",Medical Instruments & Supplies,United States,391.95,476.34482,324.0,685.0,29,140427083776,,,2026-10-20,8.71,2026-10-03
PBR,Petroleo Brasileiro S.A. Petrob,Oil & Gas Integrated,Brazil,21.65,22.95,17.4,31.0,14,139520524288,1.68,2026-08-25,2026-11-10,3.96,2026-10-03
SONY,Sony Group Corporation,Consumer Electronics,Japan,23.82,29.5,23.0,34.0,4,139235835904,0.16,2026-03-30,2026-11-05,1.18,2026-10-03
UBER,"Uber Technologies, Inc.",Software - Application,United States,68.11,100.77319,70.0,150.0,47,139118772224,,,2026-11-03,4.56,2026-10-03
NOW,"ServiceNow, Inc.",Software - Application,United States,134.38,144.99261,72.0,248.0,46,138930388992,,,2026-10-28,1.65,2026-10-03
BX,Blackstone Inc.,Asset Management,United States,111.75,142.77274,119.0,184.0,22,133574524928,5.23,2026-08-03,2026-10-22,4.47,2026-10-03
FTNT,"Fortinet, Inc.",Software - Infrastructure,United States,180.95,164.31944,104.0,220.0,36,132765483008,,,2026-10-28,2.82,2026-10-03
MFG,"Mizuho Financial Group, Inc. Sp",Banks - Regional,Japan,10.89,10.98623,8.9,13.07246,2,131802095616,0.18,2026-03-31,2026-11-13,0.71,2026-10-03
UL,Unilever PLC,Household & Personal Products,United Kingdom,59.7,71.749405,68.070465,75.424965,4,128566280192,2.12,2026-08-07,2026-07-28,2.89,2026-10-03
VRTX,Vertex Pharmaceuticals Incorpor,Biotechnology,United States,504.73,571.3929,350.0,672.0,28,127929335808,,,2026-11-02,17.04,2026-10-03
CB,Chubb Limited,Insurance - Property & Casualty,Switzerland,330.89,365.82608,306.0,425.0,23,127657328640,4.08,2026-09-11,2026-10-20,28.23,2026-10-03
PLD,"Prologis, Inc.",Reit - Industrial,United States,128.91,158.23077,140.0,170.0,13,125312303104,4.28,2026-09-16,2026-10-15,4.49,2026-10-03
BMY,Bristol-Myers Squibb Company,Drug Manufacturers - General,United States,61.15,66.70833,40.0,82.0,24,124912001024,2.52,2026-10-02,2026-10-29,4.54,2026-10-03
NET,"Cloudflare, Inc.",Software - Infrastructure,United States,349.07,338.7097,160.0,405.0,31,124296749056,,,2026-10-29,-0.6,2026-10-03
PGR,Progressive Corporation (The),Insurance - Property & Casualty,United States,210.31,232.04762,198.0,314.0,21,122063921152,0.4,2026-10-01,2026-10-14,19.94,2026-10-03
NEM,Newmont Corporation,Gold,United States,115.56,137.7381,67.0,170.0,21,121764675584,1.04,2026-09-03,2026-10-22,7.94,2026-10-03
ACN,Accenture plc,Information Technology Services,Ireland,198.9,221.36292,163.0,275.0,24,121715277824,6.52,2026-07-09,2026-12-17,12.53,2026-10-03
BKNG,Booking Holdings Inc. Common St,Travel Services,United States,159.02,238.08109,188.0,301.0,37,119484530688,1.68,2026-09-11,2026-10-27,9.01,2026-10-03
COF,Capital One Financial Corporati,Credit Services,United States,194.72,257.85715,220.0,300.0,21,119457775616,3.2,2026-08-17,2026-10-20,18.14,2026-10-03
MPC,Marathon Petroleum Corporation,Oil & Gas Refining & Marketing,United States,422.33,385.55557,236.0,472.0,18,118600720384,4.0,2026-08-19,2026-11-03,28.82,2026-10-03
VLO,Valero Energy Corporation,Oil & Gas Refining & Marketing,United States,406.3,367.6316,238.0,457.0,19,116984922112,4.8,2026-07-31,2026-10-22,23.98,2026-10-03
LMT,Lockheed Martin Corporation,Aerospace & Defense,United States,505.41,636.7368,503.0,756.0,19,116643954688,13.8,2026-09-01,2026-10-22,27.09,2026-10-03
BP,BP p.l.c.,Oil & Gas Integrated,United Kingdom,44.79,51.26579,41.0,72.95,19,115352371200,2.02,2026-08-14,2026-10-30,2.09,2026-10-03
BMO,Bank Of Montreal,Banks - Diversified,Canada,165.7,165.63824,144.02809,181.7824,3,115176775680,4.96,2026-10-30,2026-12-02,8.65,2026-10-03
BTI,British American Tobacco  Indus,Tobacco,United Kingdom,52.64,70.43333,63.0,75.0,6,113267941376,3.34,2026-12-29,2026-07-30,3.85,2026-10-03
MO,"Altria Group, Inc.",Tobacco,United States,67.35,70.0,58.0,82.0,11,112457244672,4.44,2026-09-15,2026-10-29,4.75,2026-10-03
BNS,Bank Nova Scotia Halifax Pfd 3,Banks - Diversified,Canada,91.19,89.69347,75.90664,98.92103,3,111145107456,3.29,2026-10-06,2026-12-02,5.39,2026-10-03
CVS,CVS Health Corporation,Healthcare Plans,United States,86.46,116.28,103.0,148.0,25,110579777536,2.66,2026-10-22,2026-10-28,3.79,2026-10-03
MDT,Medtronic plc.,Medical Devices,Ireland,86.38,104.83333,85.0,121.0,24,110491926528,2.88,2026-09-25,2026-11-17,4.06,2026-10-03
SBUX,Starbucks Corporation,Restaurants,United States,94.71,111.86667,82.0,143.0,30,107969396736,2.48,2026-08-14,2026-10-28,1.73,2026-10-03
PDD,PDD Holdings Inc.,Internet Retail,Ireland,75.38,114.704285,85.30834,150.50607,34,107295621120,,,2026-11-18,9.29,2026-10-03
PSX,Phillips 66,Oil & Gas Refining & Marketing,United States,264.58,257.1579,173.0,340.0,19,106079379456,5.08,2026-08-18,2026-10-28,17.52,2026-10-03
SYK,Stryker Corporation,Medical Devices,United States,275.43,367.8,298.0,465.0,25,105647521792,3.52,2026-09-30,2026-10-29,9.66,2026-10-03
FCX,"Freeport-McMoRan, Inc.",Copper,United States,72.04,72.77273,30.0,85.0,22,103450705920,0.6,2026-10-15,2026-10-27,2.04,2026-10-03
ENB,Enbridge Inc,Oil & Gas Midstream,Canada,45.97,51.134995,44.790455,58.95613,5,102459940864,2.8,2026-08-14,2026-11-06,1.82,2026-10-03
TT,Trane Technologies plc,Building Products & Equipment,Ireland,463.91,526.67365,422.0,575.0,22,102070960128,4.2,2026-09-04,2026-10-29,13.4,2026-10-03
LOW,"Lowe's Companies, Inc.",Home Improvement Retail,United States,180.8,251.09091,191.0,290.0,33,101438570496,5.0,2026-10-21,2026-11-18,11.84,2026-10-03
HOOD,"Robinhood Markets, Inc.",Capital Markets,United States,112.74,131.89786,57.0,170.0,28,101362540544,,,2026-10-27,2.26,2026-10-03
EQIX,"Equinix, Inc.",Reit - Specialty,United States,1025.72,1234.1936,1060.0,1380.0,31,101209522176,20.64,2026-08-19,2026-10-28,15.59,2026-10-03
EQNR,Equinor ASA,Oil & Gas Integrated,Norway,42.56,38.56429,31.25,51.0,7,100860616704,1.56,2026-11-16,2026-10-28,3.69,2026-10-03
CM,Canadian Imperial Bank of Comme,Banks - Diversified,Canada,111.02,118.50358,102.50825,126.51106,3,100798988288,3.02,2026-09-28,2026-12-03,7.34,2026-10-03
CNQ,Canadian Natural Resources Limi,Oil & Gas E&P,Canada,48.44,48.255707,43.26922,57.804146,4,99859062784,1.8,2026-09-11,2026-11-05,3.96,2026-10-03
DDOG,"Datadog, Inc.",Software - Application,United States,277.22,287.08127,158.0,340.0,47,99542777856,,,2026-11-05,0.5,2026-10-03
LITE,Lumentum Holdings Inc.,Communication Equipment,United States,1085.42,1159.4017,820.0,1400.0,27,97362173952,,,2026-11-05,-92.97,2026-10-03
ABNB,"Airbnb, Inc.",Travel Services,United States,162.43,184.5122,135.0,220.0,41,97260748800,,,2026-11-05,4.38,2026-10-03
VRT,"Vertiv Holdings, LLC",Electrical Equipment & Parts,United States,252.18,337.74075,236.0,427.0,27,97086308352,0.25,2026-09-14,2026-10-21,4.5,2026-10-03
CDNS,"Cadence Design Systems, Inc.",Software - Application,United States,351.35,405.47116,300.0,470.0,26,96759332864,,,2026-10-26,5.02,2026-10-03
SO,Southern Company (The),Utilities - Regulated Electric,United States,83.72,98.13158,79.0,112.0,19,96308396032,3.04,2026-08-17,2026-11-05,4.15,2026-10-03
IFNNY,Infineon Technologies AG,Semiconductors,Germany,73.04,106.5,71.0,125.0,4,94915452928,0.41,2026-02-23,2026-11-10,0.93,2026-10-03
ITUB,Itau Unibanco Banco Holding SA,Banks - Regional,Brazil,8.59,8.875,6.1,10.2,8,94677884928,0.17,2026-11-04,2026-11-03,0.81,2026-10-03
JCI,Johnson Controls International ,Building Products & Equipment,Ireland,156.24,165.8,129.0,194.0,20,94641045504,1.6,2026-09-21,2026-10-27,3.55,2026-10-03
CME,CME Group Inc.,Financial Data & Stock Exchanges,United States,263.14,283.25,217.0,330.0,16,94619688960,5.2,2026-09-09,2026-10-21,11.8,2026-10-03
ADBE,Adobe Inc.,Software - Application,United States,237.69,275.06375,195.0,373.0,32,94481776640,,,2026-12-09,17.9,2026-10-03
GSK,GSK plc,Drug Manufacturers - General,United Kingdom,47.03,59.5775,50.0,70.0,8,94225317888,1.82,2026-08-14,2026-10-28,3.12,2026-10-03
MAR,Marriott International,Lodging,United States,358.96,380.8,280.0,425.0,25,93604667392,2.92,2026-08-20,2026-11-03,9.65,2026-10-03
AEM,Agnico Eagle Mines Limited,Gold,Canada,183.69,215.96358,87.0,300.0,14,93014163456,1.8,2026-12-01,2026-10-28,11.68,2026-10-03
HCA,"HCA Healthcare, Inc.",Medical Care Facilities,United States,426.69,454.22726,380.0,579.0,22,92379029504,3.12,2026-09-16,2026-10-27,29.81,2026-10-03
HPE,Hewlett Packard Enterprise Comp,Communication Equipment,United States,69.33,71.79,52.59,92.0,21,92033138688,0.57,2026-09-17,2026-09-02,1.94,2026-10-03
CEG,Constellation Energy Corporatio,Utilities - Independent Power Producers,United States,257.49,342.982,290.0,395.0,20,91230609408,1.71,2026-08-18,2026-11-09,10.23,2026-10-03
EMR,Emerson Electric Company,Specialty Industrial Machinery,United States,161.61,173.6782,104.0,205.0,28,90146062336,2.22,2026-08-14,2026-11-04,4.57,2026-10-03
APP,Applovin Corporation,Advertising Agencies,United States,268.22,497.04547,325.0,790.0,31,90105700352,,,2026-11-04,13.0,2026-10-03
USB,U.S. Bancorp,Banks - Regional,United States,57.51,69.61905,65.0,76.0,21,89603538944,2.16,2026-09-30,2026-10-15,5.01,2026-10-03
GD,General Dynamics Corporation,Aerospace & Defense,United States,330.09,420.25525,319.0,465.0,21,89308217344,6.36,2026-10-09,2026-10-28,16.4,2026-10-03
DUK,Duke Energy Corporation (Holdin,Utilities - Regulated Electric,United States,114.13,136.11111,127.0,147.0,18,88987410432,4.34,2026-11-13,2026-11-05,6.64,2026-10-03
CSX,CSX Corporation,Railroads,United States,47.43,52.88568,32.0,60.0,23,87862886400,0.56,2026-08-31,2026-10-21,1.73,2026-10-03
WMB,"Williams Companies, Inc. (The)",Oil & Gas Midstream,United States,70.54,85.45833,69.0,103.0,24,86282231808,2.1,2026-09-11,2026-11-02,2.51,2026-10-03
MELI,"MercadoLibre, Inc.",Internet Retail,Uruguay,1696.56,2269.939,1750.0,2800.0,26,86010167296,,,2026-11-04,36.82,2026-10-03
BYDDY,"BYD Co., Ltd.",Auto Manufacturers,China,9.35,16.0,16.0,16.0,1,85245796352,0.05,2026-06-12,2026-10-29,0.48,2026-10-03
BE,Bloom Energy Corporation,Electrical Equipment & Parts,United States,289.15,282.81537,97.0,390.0,26,85162582016,,,2026-10-27,0.76,2026-10-03
ICE,Intercontinental Exchange Inc.,Financial Data & Stock Exchanges,United States,150.15,185.86667,159.0,236.0,15,84293378048,2.08,2026-12-16,2026-10-29,7.09,2026-10-03
MNST,Monster Beverage Corporation,Beverages - Non-Alcoholic,United States,42.94,50.23913,35.0,57.0,23,84121681920,,,2026-11-05,1.08,2026-10-03
ELV,"Elevance Health, Inc.",Healthcare Plans,United States,386.43,451.38095,393.0,492.0,21,83804798976,6.88,2026-09-10,2026-10-21,22.59,2026-10-03
MMM,3M Company,Conglomerates,United States,161.89,186.98334,120.0,219.0,18,83490308096,3.12,2026-08-24,2026-10-20,5.62,2026-10-03
KKR,KKR & Co. Inc.,Asset Management,United States,90.29,128.12,115.0,166.0,20,83390988288,0.78,2026-08-10,2026-11-09,3.13,2026-10-03
BN,Brookfield Corporation,Asset Management,Canada,36.92,54.4,31.0,61.0,10,82418409472,0.28,2026-09-14,2026-11-12,0.54,2026-10-03
DASH,"DoorDash, Inc.",Internet Retail,United States,189.15,256.2642,172.0,350.0,43,81958305792,,,2026-11-04,1.91,2026-10-03
WM,"Waste Management, Inc.",Waste Management,United States,204.45,258.56,220.0,277.0,25,81721769984,3.78,2026-09-11,2026-10-27,7.07,2026-10-03
UPS,"United Parcel Service, Inc.",Integrated Freight & Logistics,United States,93.02,115.61538,76.0,135.0,26,79139700736,6.56,2026-08-17,2026-10-27,5.38,2026-10-03
LYG,Lloyds Banking Group Plc,Banks - Regional,United Kingdom,5.5,6.5775,5.95,7.56,4,79074033664,0.22,2026-08-10,2026-10-29,0.42,2026-10-03
XIACY,Xiaomi Corp.,Consumer Electronics,China,15.33,30.201082,30.201082,30.201082,1,78958665728,,,2026-11-17,0.91,2026-10-03
EPD,Enterprise Products Partners L.,Oil & Gas Midstream,United States,36.18,41.47619,38.0,46.0,21,78129889280,2.21,2026-07-31,2026-10-27,2.89,2026-10-03
WBD,"Warner Bros. Discovery, Inc. - ",Entertainment,United States,30.94,30.16667,26.0,31.25,12,77570809856,,,2026-11-05,-1.28,2026-10-03
SHW,Sherwin-Williams Company (The),Specialty Chemicals,United States,319.51,388.4091,340.0,420.0,22,77563658240,3.2,2026-08-21,2026-10-27,10.84,2026-10-03
CTAS,Cintas Corporation,Specialty Business Services,United States,193.02,218.3125,181.0,250.0,16,77114769408,2.08,2026-08-14,2026-12-17,5.07,2026-10-03
ECL,Ecolab Inc.,Specialty Chemicals,United States,273.7,324.9524,295.0,360.0,21,76725944320,2.92,2026-09-15,2026-10-27,7.44,2026-10-03
CMCSA,Comcast Corporation,Telecom Services,United States,21.57,28.79522,17.0,44.0,23,76544090112,1.32,2026-10-07,2026-10-22,3.12,2026-10-03
NGG,"National Grid Transco, PLC Nati",Utilities - Regulated Electric,United Kingdom,76.12,91.19,71.0,99.5,5,76529664000,3.24,2026-05-29,2026-11-05,4.33,2026-10-03
MCO,Moody's Corporation,Financial Data & Stock Exchanges,United States,441.36,561.9048,505.0,610.0,21,76435161088,4.12,2026-08-14,2026-10-21,15.76,2026-10-03
SPG,"Simon Property Group, Inc.",Reit - Retail,United States,200.95,234.44444,207.0,285.0,18,76285337600,8.9,2026-09-09,2026-11-02,14.18,2026-10-03
MRNA,"Moderna, Inc.",Biotechnology,United States,190.01,120.66667,45.0,170.0,18,75858812928,,,2026-11-05,-7.97,2026-10-03
REGN,"Regeneron Pharmaceuticals, Inc.",Biotechnology,United States,735.2,853.1923,730.0,1030.0,26,75692515328,3.76,2026-08-18,2026-10-30,40.41,2026-10-03
AMT,American Tower Corporation (REI,Reit - Specialty,United States,162.2,215.73914,188.0,260.0,23,75578720256,7.16,2026-09-30,2026-10-27,7.26,2026-10-03
CP,Canadian Pacific Kansas City Li,Railroads,Canada,85.94,98.07387,73.86101,107.818886,13,75548073984,0.76,2026-09-25,2026-10-28,3.03,2026-10-03
TRV,"The Travelers Companies, Inc.",Insurance - Property & Casualty,United States,360.38,360.45834,262.0,430.0,24,75166269440,5.0,2026-09-10,2026-10-16,37.21,2026-10-03
INTU,Intuit Inc.,Software - Application,United States,281.08,405.6,290.0,732.0,31,75114692608,5.52,2026-10-08,2026-11-19,16.46,2026-10-03
NTES,"NetEase, Inc.",Electronic Gaming & Multimedia,China,117.21,162.69478,132.53795,200.42097,33,75053129728,2.93,2026-09-03,2026-11-19,7.51,2026-10-03
ITW,Illinois Tool Works Inc.,Specialty Industrial Machinery,United States,262.92,300.64285,249.0,350.0,14,74879623168,6.88,2026-09-30,2026-10-23,11.03,2026-10-03
BAESY,BAE Systems PLC,Aerospace & Defense,United Kingdom,102.0,126.52267,113.0,140.0,3,74641129472,1.94,2026-04-24,2026-07-30,3.69,2026-10-03
RCL,Royal Caribbean Cruises Ltd.,Travel Services,United States,277.74,350.44443,262.0,425.0,27,74282139648,6.0,2026-09-17,2026-10-27,16.2,2026-10-03
MDLZ,"Mondelez International, Inc.",Confectioners,United States,58.19,69.22727,55.0,77.0,22,74268368896,2.08,2026-09-30,2026-10-27,2.73,2026-10-03
EOG,"EOG Resources, Inc.",Oil & Gas E&P,United States,141.38,163.64285,138.0,193.0,28,74157940736,4.08,2026-10-16,2026-11-05,12.85,2026-10-03
MSI,"Motorola Solutions, Inc.",Communication Equipment,United States,447.41,526.9091,476.0,550.0,11,74043580416,4.84,2026-09-16,2026-11-05,12.68,2026-10-03
ROST,"Ross Stores, Inc.",Apparel Retail,United States,228.54,270.55557,187.0,310.0,18,73311305728,1.78,2026-09-08,2026-11-19,8.26,2026-10-03
CMI,Cummins Inc.,Specialty Industrial Machinery,United States,528.32,741.26,530.0,894.0,20,72730902528,8.8,2026-08-21,2026-11-05,19.54,2026-10-03
CNI,Canadian National Railway Compa,Railroads,Canada,119.77,135.43604,110.268875,149.28186,13,72353054720,2.58,2026-09-08,2026-10-30,5.48,2026-10-03
MURGY,Muenchener Rueckver Ges,Insurance - Reinsurance,Germany,11.43,13.10305,12.7061,13.5,2,71902969856,0.56,2026-05-04,2025-08-08,1.22,2026-10-03
HLT,Hilton Worldwide Holdings Inc.,Lodging,United States,319.36,353.0,270.0,394.0,26,71876730880,0.6,2026-08-21,2026-10-27,6.81,2026-10-03
CI,The Cigna Group,Healthcare Plans,United States,270.53,342.29166,288.0,400.0,24,71484973056,6.24,2026-09-08,2026-11-05,24.17,2026-10-03
MFC,Manulife Financial Corporation,Insurance - Life,Canada,42.93,34.229553,34.229553,34.229553,1,71231578112,1.36,2026-08-21,2026-11-04,2.6,2026-10-03
TGT,Target Corporation,Discount Stores,United States,156.0,164.67647,128.0,200.0,34,70870294528,4.64,2026-11-10,2026-11-18,9.64,2026-10-03
GM,General Motors Company,Auto Manufacturers,United States,78.27,104.21739,75.0,132.0,23,70791413760,0.72,2026-09-04,2026-10-20,2.24,2026-10-03
MPWR,"Monolithic Power Systems, Inc.",Semiconductors,United States,1439.73,1839.8,1575.0,2100.0,15,70752649216,8.0,2026-09-30,2026-10-29,16.33,2026-10-03
CVNA,Carvana Co.,Auto & Truck Dealerships,United States,63.77,83.30952,60.0,120.0,21,70686736384,,,2026-10-28,1.9,2026-10-03
ET,Energy Transfer LP,Oil & Gas Midstream,United States,20.47,24.7,22.0,28.0,23,70484336640,1.36,2026-08-07,2026-11-03,1.46,2026-10-03
TER,"Teradyne, Inc.",Semiconductor Equipment & Materials,United States,449.04,446.46667,350.0,550.0,15,70203252736,0.52,2026-09-04,2026-10-21,7.28,2026-10-03
NWG,NatWest Group plc,Banks - Regional,United Kingdom,17.67,21.9125,20.1,23.6,4,70077669376,0.94,2026-08-14,2026-10-30,1.97,2026-10-03
KMI,"Kinder Morgan, Inc.",Oil & Gas Midstream,United States,31.07,36.09091,31.0,43.0,22,69186740224,1.18,2026-08-03,2026-10-28,1.55,2026-10-03
FDX,FedEx Corporation,Integrated Freight & Logistics,United States,290.36,356.30356,160.0,479.0,26,68719624192,4.88,2026-09-14,2026-10-28,18.54,2026-10-03
ORLY,"O'Reilly Automotive, Inc.",Auto Parts,United States,84.9,107.34615,91.0,120.0,26,68680769536,,,2026-10-28,3.15,2026-10-03
RACE,Ferrari N.V.,Auto Manufacturers,Italy,388.33,459.92838,403.96487,517.8431,13,68141625344,4.23,2026-04-21,2026-11-03,10.33,2026-10-03
KDDIY,KDDI Corp.,Telecom Services,Japan,18.4,18.99678,17.8,20.19355,2,68005711872,0.51,2026-03-31,2026-11-12,1.17,2026-10-03
NOC,Northrop Grumman Corporation,Aerospace & Defense,United States,478.0,639.2273,525.0,815.0,22,67906125824,9.88,2026-08-31,2026-10-20,31.47,2026-10-03
HON,Honeywell International Inc.,Conglomerates,United States,213.99,258.21738,186.0,303.0,23,67821993984,2.8,2026-11-13,2026-10-22,26.02,2026-10-03
DLR,"Digital Realty Trust, Inc.",Reit - Specialty,United States,178.55,223.4375,190.0,250.0,32,67431858176,4.88,2026-09-15,2026-10-29,2.05,2026-10-03
APO,"Apollo Global Management, Inc. ",Asset Management,United States,114.02,151.85,127.0,173.0,20,67333730304,2.25,2026-08-19,2026-11-03,2.81,2026-10-03
CL,Colgate-Palmolive Company,Household & Personal Products,United States,84.26,98.6,87.0,110.0,20,67169783808,2.12,2026-10-20,2026-10-30,2.54,2026-10-03
MKKGY,Merck KGaA,Drug Manufacturers - Specialty & Generic,Germany,30.87,36.025,35.65,36.4,2,67107962880,0.51,2026-04-28,2025-08-07,1.24,2026-10-03
B,Barrick Mining Corporation,Gold,Canada,40.23,51.70438,29.0,63.0,16,66213928960,0.7,2026-08-31,2026-11-09,3.87,2026-10-03
NBIS,Nebius Group N.V.,Internet Content & Information,Netherlands,242.81,283.57895,84.0,415.0,19,66009169920,,,2026-11-10,-0.07,2026-10-03
COHR,Coherent Corp.,Scientific & Technical Instruments,United States,337.04,412.52014,280.0,500.0,23,66003300352,,,2026-11-04,4.12,2026-10-03
KEYS,Keysight Technologies Inc.,Scientific & Technical Instruments,United States,384.64,415.08334,350.0,452.0,12,65482944512,,,2026-11-24,7.4,2026-10-03
AEP,American Electric Power Company,Utilities - Regulated Electric,United States,119.57,142.525,128.0,173.0,20,65093595136,3.8,2026-08-10,2026-10-28,5.77,2026-10-03
NU,Nu Holdings Ltd.,Banks - Regional,Brazil,13.43,18.63636,12.0,23.0,22,64876150784,,,2026-11-12,0.73,2026-10-03
RSG,"Republic Services, Inc.",Waste Management,United States,209.56,245.5,208.0,272.0,24,64169992192,2.68,2026-10-02,2026-10-29,7.06,2026-10-03
MSTR,Strategy Inc,Software - Application,United States,160.01,229.86667,136.0,435.0,15,63804116992,,,2026-10-29,-99.16,2026-10-03
TEL,TE Connectivity plc,Electronic Components,Ireland,220.36,248.57895,215.0,306.0,19,63797133312,3.12,2026-11-20,2026-10-28,10.21,2026-10-03
AMX,"America Movil, S.A.B. de C.V.",Telecom Services,Mexico,21.29,29.47107,20.8,35.0,15,63634747392,0.59,2026-07-14,2026-10-13,1.65,2026-10-03
WPM,Wheaton Precious Metals Corp,Gold,Canada,136.28,177.811,153.0,224.11,10,61892919296,0.78,2026-08-20,2026-11-05,4.51,2026-10-03
APD,"Air Products and Chemicals, Inc",Specialty Chemicals,United States,277.57,345.10526,314.0,373.0,19,61810827264,7.24,2026-10-01,2026-11-05,-0.22,2026-10-03
BSX,Boston Scientific Corporation,Medical Devices,United States,42.6,60.7931,44.0,94.0,29,61737177088,,,2026-10-28,2.47,2026-10-03
TRP,TC Energy Corporation,Oil & Gas Midstream,Canada,59.07,66.676735,57.681293,71.59074,3,61537169408,2.47,2026-09-29,2026-11-05,2.47,2026-10-03
NXPI,NXP Semiconductors N.V.,Semiconductors,Netherlands,243.66,311.10345,190.0,400.0,29,61442322432,4.06,2026-09-16,2026-10-27,11.72,2026-10-03
FIX,"Comfort Systems USA, Inc.",Engineering & Construction,United States,1728.01,2197.0,1910.0,2500.0,8,60816150528,3.6,2026-08-13,2026-10-22,40.62,2026-10-03
ALAB,"Astera Labs, Inc.",Semiconductors,United States,350.33,389.9527,190.0,500.0,23,60777033728,,,2026-11-03,2.03,2026-10-03
TRGP,"Targa Resources, Inc.",Oil & Gas Midstream,United States,281.74,325.14285,284.0,359.0,21,60413796352,5.0,2026-07-31,2026-11-05,10.45,2026-10-03
MET,"MetLife, Inc.",Insurance - Life,United States,94.43,105.875,84.0,119.0,16,60008087552,2.37,2026-08-04,2026-11-09,5.23,2026-10-03
CVE,Cenovus Energy Inc,Oil & Gas Integrated,Canada,32.4,37.01,34.02,40.0,2,59753541632,0.62,2026-09-15,2026-10-29,2.54,2026-10-03
NOK,Nokia Corporation Sponsored,Communication Equipment,Finland,10.6,14.96667,8.5,21.0,12,59345637376,0.16,2026-07-28,2026-10-22,0.14,2026-10-03
NTRA,"Natera, Inc.",Diagnostics & Research,United States,410.35,361.1591,280.0,475.0,22,59149561856,,,2026-11-05,-1.35,2026-10-03
COR,"Cencora, Inc.",Medical Distribution,United States,309.05,369.25,330.0,430.0,12,58975133696,2.4,2026-08-14,2026-11-04,13.48,2026-10-03
VALE,VALE S.A.,Other Industrial Metals & Mining,Brazil,13.76,16.696,12.0,22.0,25,58559295488,1.19,2026-08-13,2026-10-29,0.5,2026-10-03
SE,Sea Limited,Internet Retail,Singapore,95.19,155.11,105.0,195.0,28,58302406656,,,2026-11-10,2.59,2026-10-03
RELX,RELX PLC PLC,Specialty Business Services,United Kingdom,33.42,53.35,49.7,57.0,2,58091532288,0.91,2026-08-07,2026-07-23,1.65,2026-10-03
OXY,Occidental Petroleum Corporatio,Oil & Gas E&P,United States,58.08,68.36,55.0,82.0,25,58058940416,1.12,2026-09-10,2026-11-09,3.39,2026-10-03
AJG,Arthur J. Gallagher & Co.,Insurance Brokers,United States,226.11,288.3889,250.0,388.0,18,57961263104,2.8,2026-09-08,2026-10-29,6.03,2026-10-03
AME,"AMETEK, Inc.",Specialty Industrial Machinery,United States,251.93,280.0,217.0,318.0,18,57757786112,1.36,2026-09-15,2026-10-29,6.85,2026-10-03
PCAR,PACCAR Inc.,Farm & Heavy Construction Machinery,United States,109.68,144.8,125.0,164.0,15,57731710976,1.4,2026-11-10,2026-10-27,4.75,2026-10-03
ARGX,argenx SE,Biotechnology,Netherlands,919.21,1180.174,900.0,1450.0,23,57163624448,,,2026-10-22,26.21,2026-10-03
MPLX,MPLX LP,Oil & Gas Midstream,United States,56.38,62.84615,54.0,73.0,13,57161330688,4.31,2026-08-07,2026-11-03,4.65,2026-10-03
AON,Aon plc,Insurance Brokers,Ireland,269.45,377.10526,264.0,435.0,19,57157201920,3.28,2026-08-03,2026-10-30,18.13,2026-10-03
TAK,Takeda Pharmaceutical Company L,Drug Manufacturers - Specialty & Generic,Japan,17.86,21.999634,20.95343,22.948996,3,57055064064,0.62,2026-03-31,2026-10-29,-0.33,2026-10-03
ALL,Allstate Corporation (The),Insurance - Property & Casualty,United States,223.74,274.81818,191.0,336.0,22,56574439424,4.32,2026-08-31,2026-11-04,49.93,2026-10-03
AFL,AFLAC Incorporated,Insurance - Life,United States,111.54,118.53333,99.0,138.0,15,55919833088,2.44,2026-08-19,2026-11-04,9.27,2026-10-03
BKR,Baker Hughes Company,Oil & Gas Equipment & Services,United States,56.0,71.20833,51.0,85.0,24,55589748736,0.92,2026-08-07,2026-10-27,3.11,2026-10-03
CIEN,Ciena Corporation,Communication Equipment,United States,391.34,512.9907,347.0,660.0,20,55495348224,,,2026-09-03,4.82,2026-10-03
OKE,"ONEOK, Inc.",Oil & Gas Midstream,United States,87.88,101.5,89.0,112.0,20,55400361984,4.28,2026-08-03,2026-10-27,5.79,2026-10-03
DAL,"Delta Air Lines, Inc.",Airlines,United States,84.09,102.22917,50.0,125.0,24,55299518464,0.86,2026-10-15,2026-10-09,6.03,2026-10-03
NUE,Nucor Corporation,Steel,United States,240.39,283.9375,226.0,310.0,16,54538645504,2.24,2026-09-30,2026-10-26,12.53,2026-10-03
CRH,CRH PLC,Building Materials,Ireland,81.94,131.87708,105.0,165.0,24,54513410048,1.56,2026-08-14,2026-10-29,5.66,2026-10-03
GRMN,Garmin Ltd.,Scientific & Technical Instruments,Switzerland,281.16,302.0,231.0,370.0,6,54222422016,4.2,2026-12-11,2026-10-28,9.69,2026-10-03
D,"Dominion Energy, Inc.",Utilities - Regulated Electric,United States,61.31,71.91667,63.0,87.0,12,53923737600,2.67,2026-09-04,2026-10-30,2.9,2026-10-03
PSA,Public Storage,Reit - Industrial,United States,283.81,335.33334,285.0,374.0,18,53030547456,12.0,2026-09-15,2026-10-28,10.48,2026-10-03
EA,Electronic Arts Inc.,Electronic Gaming & Multimedia,United States,209.7,205.46153,168.0,210.0,13,52925640704,0.76,2026-05-27,,3.51,2026-10-03
CAH,"Cardinal Health, Inc.",Medical Distribution,United States,228.3,270.33334,235.0,292.0,15,52864999424,2.06,2026-10-01,2026-11-05,7.22,2026-10-03
DVN,Devon Energy Corporation,Oil & Gas E&P,United States,47.65,60.64286,44.0,68.0,28,52415000576,1.28,2026-09-15,2026-11-04,4.6,2026-10-03
FANG,"Diamondback Energy, Inc.",Oil & Gas E&P,United States,184.71,234.65517,205.0,283.0,29,51722452992,4.4,2026-08-13,2026-11-02,5.25,2026-10-03
O,Realty Income Corporation,Reit - Retail,United States,54.13,66.44048,59.0,74.0,21,51218784256,3.26,2026-09-30,2026-11-02,1.37,2026-10-03
CMPGY,Compass Group Plc,Restaurants,United Kingdom,29.88,38.66667,34.0,42.0,3,50805579776,0.69,2026-06-18,2025-05-14,1.19,2026-10-03
ROK,"Rockwell Automation, Inc.",Specialty Industrial Machinery,United States,454.35,476.48,282.0,550.0,25,50557321216,5.52,2026-08-17,2026-11-05,10.66,2026-10-03
NDAQ,"Nasdaq, Inc.",Financial Data & Stock Exchanges,United States,90.33,108.9375,84.0,132.0,16,50492424192,1.16,2026-09-11,2026-10-22,3.43,2026-10-03
NKE,"Nike, Inc.",Footwear & Accessories,United States,33.87,40.79444,19.0,94.0,36,50246103040,1.64,2026-09-01,2026-12-17,2.1,2026-10-03
BAYRY,Bayer A.G.,Drug Manufacturers - General,Germany,12.64,15.895,15.3,16.68,4,49671360512,0.03,2026-04-28,2026-11-03,-0.5,2026-10-03
CRWV,"CoreWeave, Inc.",Software - Infrastructure,United States,89.62,141.57895,39.0,317.0,38,49428709376,,,2026-11-11,-3.55,2026-10-03
EW,Edwards Lifesciences Corporatio,Medical Devices,United States,85.15,100.96154,84.0,110.0,26,49080459264,,,2026-10-29,1.66,2026-10-03
CLS,"Celestica, Inc.",Electronic Components,Canada,387.32,473.9143,375.0,550.0,18,48845361152,,,2026-10-26,9.63,2026-10-03
BASFY,BASF SE,Chemicals,Germany,14.12,13.5875,12.0,16.0,4,48624869376,0.66,2026-05-05,2026-10-28,0.67,2026-10-03
WAB,Westinghouse Air Brake Technolo,Railroads,United States,287.54,329.58334,292.0,355.0,12,48568627200,1.24,2026-08-18,2026-10-21,7.43,2026-10-03
STT,State Street Corporation,Asset Management,United States,175.96,199.82143,150.0,215.0,14,48336523264,3.68,2026-10-01,2026-10-14,11.33,2026-10-03
COIN,"Coinbase Global, Inc.",Financial Data & Stock Exchanges,United States,183.0,207.34688,95.0,330.0,32,48282157056,,,2026-10-29,-3.86,2026-10-03
F,Ford Motor Company,Auto Manufacturers,United States,12.1,16.03,12.8,20.0,18,48249909248,0.6,2026-08-11,2026-10-28,-1.83,2026-10-03
ETR,Entergy Corporation,Utilities - Regulated Electric,United States,100.91,122.275,91.0,137.0,20,48212525056,2.56,2026-08-13,2026-11-02,3.91,2026-10-03
BDX,"Becton, Dickinson and Company",Medical Instruments & Supplies,United States,176.8,195.66667,170.0,225.0,12,48157990912,4.2,2026-09-09,2026-11-05,5.79,2026-10-03
AU,AngloGold Ashanti PLC,Gold,United States,94.92,117.5,76.0,140.0,8,48007614464,4.52,2026-08-21,2026-11-05,7.46,2026-10-03
MDLN,Medline Inc.,Medical Instruments & Supplies,United States,35.61,44.53846,34.0,55.0,26,47910879232,,,2026-11-04,0.8,2026-10-03
TEAM,Atlassian Corporation,Software - Application,Australia,187.89,205.3942,145.0,480.0,31,47562252288,,,2026-10-29,-0.21,2026-10-03
EBAY,eBay Inc.,Internet Retail,United States,106.4,116.11111,71.0,145.0,27,47347998720,1.24,2026-08-28,2026-11-04,4.77,2026-10-03
A,"Agilent Technologies, Inc.",Diagnostics & Research,United States,167.78,175.2,155.0,190.0,20,47308226560,1.02,2026-10-06,2026-11-25,5.07,2026-10-03
RKLB,Rocket Lab Corporation,Aerospace & Defense,United States,73.92,109.15,64.0,150.0,20,47265259520,,,2026-11-09,-0.27,2026-10-03
DEO,Diageo plc,Beverages - Wineries & Distilleries,United Kingdom,84.75,107.57143,76.0,135.0,7,47133294592,2.0,2026-10-16,2026-08-06,3.12,2026-10-03
VST,Vistra Corp.,Utilities - Independent Power Producers,United States,140.02,212.78947,106.0,305.0,19,46995640320,0.92,2026-09-21,2026-11-06,5.93,2026-10-03
HUM,Humana Inc.,Healthcare Plans,United States,388.36,423.73914,280.0,515.0,23,46634385408,3.54,2026-10-30,2026-11-06,10.52,2026-10-03
FNV,Franco-Nevada Corporation,Gold,Canada,239.3,286.97,256.0,330.73,9,46154702848,1.76,2026-09-10,2026-11-03,7.64,2026-10-03
TEVA,Teva Pharmaceutical Industries ,Drug Manufacturers - Specialty & Generic,Israel,39.53,46.28571,40.0,55.0,7,46103543808,,,2026-11-03,0.6,2026-10-03
ABEV,Ambev S.A.,Beverages - Brewers,Brazil,2.99,3.345,2.64,4.0,10,46095294464,0.16,2026-09-23,2026-10-29,0.2,2026-10-03
SDVKY,Sandvik AB,Specialty Industrial Machinery,Sweden,36.33,42.0,42.0,42.0,1,45571842048,0.65,2026-04-30,2026-10-22,1.34,2026-10-03
CARR,Carrier Global Corporation,Building Products & Equipment,United States,55.12,75.77818,60.0,90.0,22,45436796928,0.96,2026-07-21,2026-10-27,1.4,2026-10-03
TWLO,Twilio Inc.,Software - Infrastructure,United States,294.58,263.0357,165.0,330.0,28,45240184832,,,2026-10-29,7.23,2026-10-03
PYPL,"PayPal Holdings, Inc.",Credit Services,United States,52.8,56.91719,36.0,80.0,32,45168332800,0.56,2026-09-04,2026-10-27,5.16,2026-10-03
AZO,"AutoZone, Inc.",Auto Parts,United States,2792.03,3708.7083,3000.0,4800.0,24,45155500032,,,2026-12-08,143.2,2026-10-03
WDAY,"Workday, Inc.",Software - Application,United States,186.14,208.25974,92.0,275.0,38,44859740160,,,2026-08-27,4.82,2026-10-03
INFY,Infosys Limited,Information Technology Services,India,11.04,11.66904,9.0,14.1,12,44715794432,0.52,2026-06-10,2026-10-23,0.81,2026-10-03
XYZ,"Block, Inc.",Software - Infrastructure,United States,74.33,98.38738,75.0,125.0,42,44657094656,,,2026-11-03,0.56,2026-10-03
NTAP,"NetApp, Inc.",Software - Infrastructure,United States,226.27,201.0625,170.0,260.0,16,44443729920,2.08,2026-10-09,2026-12-01,7.08,2026-10-03
CCEP,Coca-Cola Europacific Partners ,Beverages - Non-Alcoholic,United Kingdom,101.06,108.65998,89.11066,117.2982,12,44439240704,2.41,2026-05-15,2026-08-04,5.04,2026-10-03
ADSK,"Autodesk, Inc.",Software - Application,United States,212.0,307.54147,215.0,375.0,34,44308000768,,,2026-11-27,7.71,2026-10-03
RVMD,"Revolution Medicines, Inc.",Biotechnology,United States,206.64,257.4659,179.0,320.0,22,44290478080,,,2026-11-04,-8.86,2026-10-03
VEEV,Veeva Systems Inc.,Health Information Services,United States,273.33,297.2963,180.0,350.0,27,44254543872,,,2026-11-25,6.09,2026-10-03
MCHP,Microchip Technology Incorporat,Semiconductors,United States,81.32,107.84,80.0,135.0,25,44157468672,1.82,2026-08-24,2026-11-05,0.68,2026-10-03
LHX,"L3Harris Technologies, Inc.",Aerospace & Defense,United States,236.6,335.33334,264.0,405.0,15,44058382336,5.0,2026-09-04,2026-10-29,9.89,2026-10-03
HEINY,Heineken N.V.,Beverages - Brewers,Netherlands,39.25,50.5,46.0,55.0,2,43476860928,1.12,2026-08-10,2025-07-28,2.32,2026-10-03
AMP,"Ameriprise Financial, Inc.",Asset Management,United States,490.91,576.0,489.0,645.0,11,43363659776,6.8,2026-08-03,2026-10-29,40.96,2026-10-03
FERG,Ferguson Enterprises Inc.,Industrial Distribution,United States,223.33,287.4762,235.0,325.0,21,43203796992,3.56,2026-08-21,2026-11-09,10.17,2026-10-03
FLEX,Flex Ltd.,Electronic Components,United States,116.61,160.5,142.0,180.0,10,43076079616,,,2026-10-28,2.51,2026-10-03
TRI,Thomson Reuters Corp,Specialty Business Services,Canada,97.62,122.29167,100.0,146.0,12,42294001664,2.62,2026-08-19,2026-11-03,3.79,2026-10-03
EXC,Exelon Corporation,Utilities - Regulated Electric,United States,40.73,48.52941,41.0,58.0,17,41962242048,1.68,2026-09-04,2026-11-03,2.72,2026-10-03
RBGLY,Reckitt Benckiser Group Plc.,Household & Personal Products,United Kingdom,13.18,16.187803,14.361941,18.649206,4,41774665728,0.58,2026-08-10,2026-03-05,1.17,2026-10-03
WAT,Waters Corporation,Diagnostics & Research,United States,425.21,448.91302,349.0,515.0,23,41749606400,,,2026-11-03,3.96,2026-10-03
KDP,Keurig Dr Pepper Inc.,Beverages - Non-Alcoholic,United States,30.37,36.20588,29.0,42.0,17,41328287744,0.92,2026-09-28,2026-11-03,0.99,2026-10-03
ILMN,"Illumina, Inc.",Diagnostics & Research,United States,273.04,214.6,113.0,305.0,20,41229041664,,,2026-10-29,5.36,2026-10-03
CRDO,Credo Technology Group Holding ,Semiconductors,Cayman Islands,218.64,281.0931,185.0,350.0,20,41093808128,,,2026-11-30,2.84,2026-10-03
CMG,"Chipotle Mexican Grill, Inc.",Restaurants,United States,32.36,43.91935,35.0,53.0,31,40948928512,,,2026-10-28,1.08,2026-10-03
IDXX,"IDEXX Laboratories, Inc.",Diagnostics & Research,United States,518.39,701.3333,470.0,805.0,12,40839344128,,,2026-11-02,13.94,2026-10-03
HMC,"Honda Motor Company, Ltd.",Auto Manufacturers,Japan,31.35,33.26637,32.0,34.0,3,40682024960,1.33,2026-03-30,2026-11-05,-0.7,2026-10-03
ONC,BeOne Medicines Ltd.,Biotechnology,Switzerland,358.07,433.51535,370.0,528.0,28,40505651200,,,2026-11-05,5.6,2026-10-03
CBRS,Cerebras Systems Inc.,Semiconductors,United States,166.43,291.63635,209.0,330.0,11,39537782784,,,2026-11-10,-4.66,2026-10-03
LYV,"Live Nation Entertainment, Inc.",Entertainment,United States,168.77,201.95833,145.0,222.0,24,39316578304,,,2026-11-03,-1.12,2026-10-03
AIG,"American International Group, I",Insurance - Diversified,United States,74.93,88.25,80.0,101.0,20,39180386304,2.0,2026-09-16,2026-11-03,5.48,2026-10-03
VOD,Vodafone Group Plc,Telecom Services,United Kingdom,16.82,16.14387,12.350556,20.272429,5,38967324672,0.54,2026-06-05,2026-11-10,-0.14,2026-10-03
MSCI,MSCI Inc.,Financial Data & Stock Exchanges,United States,535.95,691.7647,570.0,760.0,17,38963564544,8.2,2026-08-14,2026-10-20,18.26,2026-10-03
PRU,"Prudential Financial, Inc.",Insurance - Life,United States,112.6,113.4,92.0,131.0,15,38847000576,5.6,2026-08-25,2026-10-28,11.03,2026-10-03
ADM,Archer-Daniels-Midland Company,Farm Products,United States,80.45,80.4,60.0,95.0,10,38773645312,2.08,2026-08-19,2026-11-03,3.66,2026-10-03
HLN,Haleon plc,Drug Manufacturers - Specialty & Generic,United Kingdom,8.8,11.934,10.0,13.77,5,38699225088,0.2,2026-08-14,2026-07-30,0.48,2026-10-03
WCN,"Waste Connections, Inc.",Waste Management,Canada,153.82,200.84,162.0,220.0,25,38696382464,1.4,2026-08-06,2026-10-21,4.14,2026-10-03
ED,"Consolidated Edison, Inc.",Utilities - Regulated Electric,United States,103.39,109.65625,94.0,130.0,16,38236581888,3.51,2026-08-19,2026-11-05,6.08,2026-10-03
TTWO,"Take-Two Interactive Software, ",Electronic Gaming & Multimedia,United States,202.73,286.4417,170.0,368.0,29,37906546688,,,2026-11-09,-1.76,2026-10-03
VWAGY,Volkswagen AG,Auto Manufacturers,Germany,7.56,11.09437,10.68874,11.5,2,37897920512,0.59,2026-06-22,2026-10-29,1.18,2026-10-03
DHI,"D.R. Horton, Inc.",Residential Construction,United States,135.0,158.3077,125.0,206.0,13,37759672320,1.8,2026-08-06,2026-10-29,10.33,2026-10-03
UI,Ubiquiti Inc.,Communication Equipment,United States,620.52,734.5,489.0,980.0,2,37559070720,4.0,2026-08-31,2026-11-06,17.01,2026-10-03
ODFL,"Old Dominion Freight Line, Inc.",Trucking,United States,180.48,230.90909,156.0,280.0,22,37534113792,1.16,2026-09-02,2026-10-28,5.2,2026-10-03
CBRE,CBRE Group Inc,Real Estate Services,United States,129.58,182.16667,144.0,200.0,12,37523169280,,,2026-10-22,4.37,2026-10-03
SYY,Sysco Corporation,Food Distribution,United States,77.49,90.83333,78.0,100.0,12,37161746432,2.2,2026-10-02,2026-11-03,3.66,2026-10-03
YUM,"Yum! Brands, Inc.",Restaurants,United States,136.12,172.65456,147.0,200.0,22,37147295744,3.0,2026-09-09,2026-11-03,7.94,2026-10-03
CCJ,Cameco Corporation,Uranium,Canada,85.18,126.7643,83.14918,169.1534,11,37098700800,0.17,2025-12-01,2026-10-30,0.57,2026-10-03
PCG,Pacific Gas & Electric Co.,Utilities - Regulated Electric,United States,12.32,19.21875,14.0,24.0,16,36989161472,0.2,2026-09-30,2026-10-22,1.39,2026-10-03
OKTA,"Okta, Inc.",Software - Infrastructure,United States,211.49,212.24907,127.0,250.0,43,36972879872,,,2026-12-01,1.67,2026-10-03
UAL,"United Airlines Holdings, Inc.",Airlines,United States,112.51,155.21739,102.0,203.0,23,36517339136,,,2026-10-20,10.67,2026-10-03
PAYX,"Paychex, Inc.",Software - Application,United States,98.94,113.92857,96.0,150.0,14,35220709376,4.76,2026-07-28,2026-12-18,5.04,2026-10-03
ROP,"Roper Technologies, Inc.",Software - Application,United States,354.32,439.42856,335.0,550.0,14,35042557952,3.64,2026-10-02,2026-10-22,24.0,2026-10-03
KR,Kroger Company (The),Grocery Stores,United States,59.03,68.13636,57.0,85.0,22,34862448640,1.56,2026-11-16,2026-12-03,1.85,2026-10-03
JD,"JD.com, Inc.",Internet Retail,China,25.78,39.47159,25.171003,53.363186,35,34815889408,1.0,2026-04-09,2026-11-12,1.5,2026-10-03
EME,"EMCOR Group, Inc.",Engineering & Construction,United States,786.61,1033.2858,885.0,1200.0,7,34697289728,1.6,2026-10-15,2026-10-29,32.15,2026-10-03
HVRRY,Hannover Re,Insurance - Reinsurance,Germany,47.9,44.0752,44.0752,44.0752,1,34658922496,2.45,2026-05-08,2025-08-12,4.28,2026-10-03
CCL,Carnival Corporation Ltd.,Travel Services,United States,25.76,33.93077,28.7,43.0,26,34637160448,0.45,2026-08-07,2026-12-18,2.27,2026-10-03
HIG,"The Hartford Insurance Group, I",Insurance - Diversified,United States,126.05,149.15,135.0,164.0,20,34143416320,2.4,2026-09-01,2026-10-26,14.88,2026-10-03
EC,Ecopetrol S.A.,Oil & Gas Integrated,Colombia,16.6,14.09091,9.0,18.0,11,34126858240,0.65,2026-04-29,2026-11-12,2.02,2026-10-03
IRM,Iron Mountain Incorporated (Del,Reit - Specialty,United States,113.39,144.90909,132.0,155.0,11,33756522496,3.46,2026-09-15,2026-11-04,1.41,2026-10-03
TECK,Teck Resources Ltd,Copper,Canada,68.56,52.616886,35.036156,67.27133,4,33635534848,0.35,2026-09-15,2026-10-29,3.59,2026-10-03
AXON,"Axon Enterprise, Inc.",Aerospace & Defense,United States,413.35,704.1053,440.0,830.0,19,33579487232,,,2026-11-03,2.41,2026-10-03
NTR,Nutrien Ltd.,Agricultural Inputs,Canada,70.06,76.8081,59.0,90.0,21,33433337856,2.2,2026-09-29,2026-11-04,4.94,2026-10-03
EL,"Estee Lauder Companies, Inc. (T",Household & Personal Products,United States,91.97,107.12571,70.0,127.0,28,33322827776,1.4,2026-08-31,2026-11-02,0.5,2026-10-03
STLD,"Steel Dynamics, Inc.",Steel,United States,231.99,270.96072,205.45,310.0,14,33250684928,2.12,2026-09-30,2026-10-19,11.02,2026-10-03
TKO,"TKO Group Holdings, Inc.",Entertainment,United States,175.58,231.42105,185.0,250.0,19,33231976448,3.16,2026-09-15,2026-11-04,2.85,2026-10-03
RKT,"Rocket Companies, Inc.",Mortgage Finance,United States,11.7,17.7,14.0,21.0,14,33130215424,,,2026-11-05,,2026-10-03
ON,ON Semiconductor Corporation,Semiconductors,United States,84.89,104.26923,75.0,150.0,26,33049257984,,,2026-11-02,1.51,2026-10-03
KVUE,Kenvue Inc.,Household & Personal Products,United States,17.2,19.5,18.0,23.0,12,33037305856,0.84,2026-09-21,2026-11-05,0.85,2026-10-03
RPRX,Royalty Pharma plc,Biotechnology,United States,57.16,65.125,61.0,70.0,8,33029074944,0.94,2026-08-14,2026-11-04,1.86,2026-10-03
VG,"Venture Global, Inc.",Oil & Gas Midstream,United States,13.13,16.66667,14.0,22.0,18,32826220544,0.16,2026-09-15,2026-11-09,1.32,2026-10-03
BIIB,Biogen Inc.,Drug Manufacturers - General,United States,219.88,238.18195,175.0,300.0,31,32488151040,,,2026-10-28,5.55,2026-10-03
DXCM,"DexCom, Inc.",Medical Devices,United States,85.36,95.08,79.0,115.0,25,32211515392,,,2026-10-29,2.53,2026-10-03
HSY,The Hershey Company,Confectioners,United States,160.19,204.09525,170.0,250.0,21,32186281984,5.81,2026-08-14,2026-11-05,7.33,2026-10-03
ZS,"Zscaler, Inc.",Software - Infrastructure,United States,196.6,210.13068,155.0,298.0,44,32056555520,,,2026-11-24,-0.39,2026-10-03
QSR,Restaurant Brands International,Restaurants,United States,69.91,86.16667,78.0,104.0,24,32026540032,2.6,2026-09-18,2026-10-29,3.98,2026-10-03
ACGL,Arch Capital Group Ltd.,Insurance - Diversified,Bermuda,93.6,111.39474,95.0,129.0,19,31939045376,,,2026-10-27,12.78,2026-10-03
JBL,Jabil Inc.,Electronic Components,United States,304.41,425.0,365.0,475.0,9,31898236928,0.32,2026-08-14,2026-12-16,9.74,2026-10-03
EXPE,"Expedia Group, Inc.",Travel Services,United States,265.0,338.25,235.0,430.0,36,31805851648,1.92,2026-08-27,2026-11-05,15.89,2026-10-03
GFI,Gold Fields Limited,Gold,South Africa,35.62,48.67143,40.5,57.0,7,31733733376,2.15,2026-09-11,2026-08-25,4.91,2026-10-03
RBLX,Roblox Corporation,Electronic Gaming & Multimedia,United States,44.12,48.97471,33.0,65.0,34,31518265344,,,2026-10-29,-1.41,2026-10-03
KMB,Kimberly-Clark Corporation,Household & Personal Products,United States,94.36,116.2,90.0,162.0,15,31382159360,5.12,2026-09-04,2026-11-03,5.06,2026-10-03
EQT,EQT Corporation,Oil & Gas E&P,United States,50.17,67.19231,52.0,81.0,26,31382138880,0.66,2026-08-05,2026-10-20,4.31,2026-10-03
CNC,Centene Corporation,Healthcare Plans,United States,62.99,71.77778,56.0,85.0,18,31116746752,,,2026-10-27,-10.36,2026-10-03
ADRNY,Koninklijke Ahold Delhaize N.V.,Grocery Stores,Netherlands,35.58,48.4,45.1,51.7,2,31088453632,1.46,2026-08-17,2026-11-04,2.84,2026-10-03
HBAN,Huntington Bancshares Incorpora,Banks - Regional,United States,15.33,19.64737,17.0,22.5,19,30972958720,0.62,2026-09-17,2026-10-22,1.29,2026-10-03
ALC,Alcon Inc.,Medical Instruments & Supplies,Switzerland,63.76,84.45,62.0,103.0,15,30821582848,0.36,2026-05-06,2026-11-10,1.31,2026-10-03
ERIC,Ericsson,Communication Equipment,Sweden,9.29,9.33333,8.0,11.4,6,30311718912,0.32,2026-09-29,2026-10-15,0.74,2026-10-03
MTD,"Mettler-Toledo International, I",Diagnostics & Research,Switzerland,1486.19,1458.0769,1200.0,1600.0,13,29778132992,,,2026-11-05,44.29,2026-10-03
CQP,"Cheniere Energy Partners, LP",Oil & Gas Midstream,United States,61.31,60.0,51.0,67.0,13,29677578240,3.27,2026-08-07,2026-10-29,5.51,2026-10-03
BAP,Credicorp Ltd.,Banks - Regional,Peru,373.31,427.47806,219.0,482.0,14,29648025600,14.41,2026-05-18,2026-11-09,26.14,2026-10-03
EXR,Extra Space Storage Inc,Reit - Industrial,United States,133.25,158.45,140.0,178.0,20,29408614400,6.48,2026-09-15,2026-10-27,4.52,2026-10-03
ALNY,"Alnylam Pharmaceuticals, Inc.",Biotechnology,United States,219.72,371.12308,256.0,536.0,26,29400539136,,,2026-10-29,5.73,2026-10-03
GEHC,GE HealthCare Technologies Inc.,Medical Devices,United States,64.29,83.05263,70.0,96.0,19,29038909440,0.16,2026-10-23,2026-10-28,4.34,2026-10-03
CCI,Crown Castle Inc.,Reit - Specialty,United States,66.44,94.44762,80.0,120.0,21,29034280960,4.25,2026-09-15,2026-10-21,2.45,2026-10-03
HPQ,HP Inc.,Computer Hardware,United States,32.12,29.66471,19.0,72.0,17,28965525504,1.2,2026-09-09,2026-11-24,2.62,2026-10-03
MDB,"MongoDB, Inc.",Software - Infrastructure,United States,357.96,446.50378,272.64,565.0,37,28791412736,,,2026-12-01,0.7,2026-10-03
BIDU,"Baidu, Inc.",Internet Content & Information,China,84.32,145.29593,80.3953,206.98314,30,28704516096,,,2026-11-18,-2.34,2026-10-03
TDY,Teledyne Technologies Incorpora,Scientific & Technical Instruments,United States,617.17,758.0833,640.0,877.0,12,28609329152,,,2026-10-21,20.65,2026-10-03
KGC,Kinross Gold Corporation,Gold,Canada,24.06,34.055,9.3,50.0,10,28540952576,0.16,2026-08-20,2026-11-10,2.63,2026-10-03
RYAAY,Ryanair Holdings plc,Airlines,Ireland,55.05,68.68333,58.4,77.0,6,28511711232,0.9,2026-08-07,2026-11-02,4.06,2026-10-03
EXPGY,Experian plc,Consulting Services,Ireland,32.45,44.66667,42.0,49.0,3,28502118400,0.69,2026-06-26,2025-05-14,1.64,2026-10-03
RDDT,"Reddit, Inc.",Internet Content & Information,United States,147.86,213.70909,130.0,300.0,33,28447748096,,,2026-10-29,4.31,2026-10-03
ADDYY,adidas AG,Footwear & Accessories,Germany,81.12,114.0,91.0,146.0,5,28402202624,1.64,2026-05-11,2026-10-29,4.43,2026-10-03
CBOE,"Cboe Global Markets, Inc.",Financial Data & Stock Exchanges,United States,271.26,313.64285,258.0,354.0,14,28327958528,3.44,2026-08-31,2026-10-30,12.83,2026-10-03
TS,Tenaris S.A.,Oil & Gas Equipment & Services,Luxembourg,55.99,64.375,42.0,80.0,12,28264865792,2.38,2026-11-24,2026-11-04,3.74,2026-10-03
GFS,GlobalFoundries Inc.,Semiconductors,United States,50.17,76.0,55.0,140.0,22,27965691904,0.48,2026-09-23,2026-11-04,1.28,2026-10-03
AEE,Ameren Corporation,Utilities - Regulated Electric,United States,99.94,117.875,104.0,136.0,16,27667716096,3.0,2026-09-08,2026-11-04,5.68,2026-10-03
WSM,"Williams-Sonoma, Inc.",Specialty Retail,United States,232.3,247.85,151.0,280.0,20,27360102400,3.04,2026-10-16,2026-11-18,9.76,2026-10-03
TSEM,Tower Semiconductor Ltd.,Semiconductors,Israel,240.86,312.925,270.0,355.0,10,27224705024,,,2026-11-09,2.53,2026-10-03
ZM,"Zoom Communications, Inc.",Software - Application,United States,92.88,118.24,79.0,135.0,25,27100870656,,,2026-11-24,10.77,2026-10-03
CFG,"Citizens Financial Group, Inc.",Banks - Regional,United States,64.33,79.73529,70.0,89.0,17,27094304768,1.84,2026-07-30,2026-10-16,4.59,2026-10-03
FTS,Fortis Inc.,Utilities - Regulated Electric,Canada,52.87,53.0,50.0,56.0,2,27011282944,1.85,2026-08-19,2026-11-03,2.39,2026-10-03
FTI,TechnipFMC plc,Oil & Gas Equipment & Services,United Kingdom,68.82,75.95238,45.0,87.0,21,26988752896,0.2,2026-08-18,2026-10-29,2.86,2026-10-03
WTW,Willis Towers Watson Public Lim,Insurance Brokers,United Kingdom,288.61,375.5263,303.0,455.0,19,26803767296,3.84,2026-09-30,2026-10-29,16.16,2026-10-03
PBA,Pembina Pipeline Corp.,Oil & Gas Midstream,Canada,45.89,46.741314,46.741314,46.741314,1,26687559680,2.07,2026-09-15,2026-11-05,2.01,2026-10-03
ATO,Atmos Energy Corporation,Utilities - Regulated Gas,United States,157.17,185.0,167.0,206.0,11,26559932416,4.0,2026-08-24,2026-11-04,8.4,2026-10-03
HAL,Halliburton Company,Oil & Gas Equipment & Services,United States,31.85,43.44,29.0,53.0,25,26535202816,0.68,2026-09-02,2026-10-20,1.91,2026-10-03
CTSH,Cognizant Technology Solutions ,Information Technology Services,United States,58.51,65.104,47.0,84.0,25,26355490816,1.32,2026-08-18,2026-10-29,4.66,2026-10-03
KHC,The Kraft Heinz Company,Packaged Foods,United States,22.19,25.47222,19.0,41.0,18,26313428992,1.6,2026-09-04,2026-10-28,-2.88,2026-10-03
AVB,"AvalonBay Communities, Inc.",Reit - Residential,United States,184.06,201.70589,189.0,225.0,17,26283393024,7.12,2026-06-30,,7.29,2026-10-03
FOXA,Fox Corporation,Entertainment,United States,62.28,76.42222,52.6,112.0,18,26261833728,0.58,2026-09-02,2026-10-29,3.84,2026-10-03
DG,Dollar General Corporation,Discount Stores,United States,118.94,140.93103,90.0,176.0,29,26240161792,2.36,2026-10-06,2026-08-27,7.69,2026-10-03
ATI,ATI Inc.,Metal Fabrication,United States,192.42,256.0,240.0,270.0,9,26201905152,,,2026-10-27,3.4,2026-10-03
VRSN,"VeriSign, Inc.",Software - Infrastructure,United States,288.32,324.4,285.0,355.0,5,26064128000,3.24,2026-08-19,2026-10-22,9.28,2026-10-03
CPAY,"Corpay, Inc.",Software - Infrastructure,United States,394.6,461.0,390.0,536.0,15,25909278720,,,2026-11-04,16.45,2026-10-03
DTE,DTE Energy Company,Utilities - Regulated Electric,United States,124.45,152.5357,132.0,168.0,14,25896558592,4.66,2026-09-21,2026-10-29,6.32,2026-10-03
AWK,"American Water Works Company, I",Utilities - Regulated Water,United States,130.25,141.45454,128.0,162.0,11,25884450816,3.58,2026-08-11,2026-10-28,5.77,2026-10-03
ROIV,Roivant Sciences Ltd.,Biotechnology,United Kingdom,35.72,48.08333,41.0,55.0,12,25801377792,,,2026-11-09,-0.47,2026-10-03
DGX,Quest Diagnostics Incorporated,Diagnostics & Research,United States,233.33,247.73334,204.0,265.0,15,25753415680,3.44,2026-10-06,2026-10-22,9.42,2026-10-03
FFIV,"F5, Inc.",Software - Infrastructure,United States,454.04,436.1,300.0,515.0,10,25711007744,,,2026-10-26,12.57,2026-10-03
WST,"West Pharmaceutical Services, I",Medical Instruments & Supplies,United States,364.98,407.5625,340.0,459.0,16,25685745664,0.88,2026-07-29,2026-10-22,7.82,2026-10-03
WRB,W.R. Berkley Corporation,Insurance - Property & Casualty,United States,68.98,69.35294,51.0,83.0,17,25607276544,0.4,2026-09-21,2026-10-19,4.86,2026-10-03
DOV,Dover Corporation,Specialty Industrial Machinery,United States,189.69,240.15788,168.0,288.0,19,25547491328,2.1,2026-08-31,2026-10-22,8.31,2026-10-03
ENTG,"Entegris, Inc.",Semiconductor Equipment & Materials,United States,166.47,173.36365,120.0,215.0,11,25436616704,0.4,2026-07-29,2026-10-29,2.0,2026-10-03
CPRT,"Copart, Inc.",Specialty Business Services,United States,27.22,39.0,25.0,55.0,10,25214713856,,,2026-11-19,1.55,2026-10-03
HUBB,Hubbell Inc,Electrical Equipment & Parts,United States,475.52,560.5833,502.0,630.0,12,25122945024,5.68,2026-08-31,2026-10-27,16.9,2026-10-03
LH,Labcorp Holdings Inc.,Diagnostics & Research,United States,308.49,344.8125,293.0,385.0,16,25018537984,2.88,2026-08-28,2026-10-28,12.08,2026-10-03
VICI,VICI Properties Inc.,Reit - Diversified,United States,22.65,31.66667,26.0,38.0,24,24939405312,1.84,2026-09-17,2026-10-28,2.58,2026-10-03
LPLA,LPL Financial Holdings Inc.,Capital Markets,United States,316.44,425.125,362.0,557.0,16,24917209088,1.2,2026-08-14,2026-10-29,12.48,2026-10-03
CNP,"CenterPoint Energy, Inc (Holdin",Utilities - Regulated Electric,United States,37.79,45.05882,38.0,50.0,17,24893038592,0.96,2026-11-19,2026-10-27,1.68,2026-10-03
CINF,Cincinnati Financial Corporatio,Insurance - Property & Casualty,United States,161.95,191.0,177.0,200.0,6,24855769088,3.76,2026-09-23,2026-10-26,21.18,2026-10-03
CPNG,"Coupang, Inc.",Internet Retail,United States,13.78,23.50556,12.0,30.0,18,24769710080,,,2026-11-03,-0.43,2026-10-03
EQR,Equity Residential,Reit - Residential,United States,63.66,72.99412,66.0,79.0,17,24611481600,2.81,2026-06-29,,2.22,2026-10-03
MTSI,MACOM Technology Solutions Hold,Semiconductors,United States,321.6,395.33334,300.0,475.0,15,24560891904,,,2026-11-05,3.14,2026-10-03
IMBBY,Imperial Brands PLC,Tobacco,United Kingdom,32.6,44.0,43.0,45.0,2,24502962176,2.18,2026-08-21,2025-05-14,2.81,2026-10-03
RBRK,"Rubrik, Inc.",Software - Infrastructure,United States,118.58,120.14815,110.0,139.0,27,24407150592,,,2026-08-27,-1.27,2026-10-03
BNTX,BioNTech SE,Biotechnology,Germany,96.9,116.143585,73.39075,140.01237,20,24341702656,,,2026-11-03,-7.61,2026-10-03
ES,Eversource Energy (D/B/A),Utilities - Regulated Electric,United States,64.5,73.25,52.0,85.0,12,24295522304,3.15,2026-09-21,2026-11-04,3.85,2026-10-03
INSM,Insmed Incorporated,Biotechnology,United States,111.12,197.73914,169.0,243.0,23,24266553344,,,2026-10-29,-4.06,2026-10-03
IOT,Samsara Inc.,Software - Infrastructure,United States,41.12,52.15652,39.0,60.0,23,24080084992,,,2026-12-03,0.15,2026-10-03
TCOM,Trip.com Group Limited,Travel Services,Singapore,38.09,58.491394,42.049503,68.16845,29,23985471488,,,2026-09-15,5.17,2026-10-03
PFG,Principal Financial Group Inc,Asset Management,United States,111.96,112.08333,92.0,128.0,12,23971155968,3.36,2026-09-03,2026-10-26,7.02,2026-10-03
AFRM,"Affirm Holdings, Inc.",Credit Services,United States,70.77,99.09375,66.0,124.0,32,23879301120,,,2026-11-05,5.53,2026-10-03
IHG,Intercontinental Hotels Group,Lodging,United Kingdom,161.74,148.83333,120.0,188.0,6,23633616896,1.9,2026-08-21,2026-08-11,4.65,2026-10-03
TPR,"Tapestry, Inc.",Luxury Goods,United States,118.12,166.5,96.0,232.0,20,23552145408,1.85,2026-09-04,2026-11-05,7.27,2026-10-03
LVS,Las Vegas Sands Corp.,Resorts & Casinos,United States,36.23,59.06842,47.0,71.5,19,23466213376,1.2,2026-08-04,2026-10-21,2.58,2026-10-03
INCY,Incyte Corporation,Biotechnology,United States,115.3,128.47826,86.0,155.0,23,23371051008,,,2026-10-27,7.85,2026-10-03
ULTA,"Ulta Beauty, Inc.",Specialty Retail,United States,543.69,631.44,500.0,731.0,25,23246809088,,,2026-12-03,27.48,2026-10-03
UTHR,United Therapeutics Corporation,Drug Manufacturers - Specialty & Generic,United States,541.7,644.3571,321.0,728.0,14,23233888256,,,2026-10-28,27.91,2026-10-03
FWONK,Liberty Media Corporation - Ser,Entertainment,United States,91.2,119.29412,96.0,134.0,17,22864613376,,,2026-11-05,0.81,2026-10-03
CASY,"Caseys General Stores, Inc.",Specialty Retail,United States,617.76,790.5263,687.0,933.0,19,22832513024,2.6,2026-10-30,2026-12-08,20.76,2026-10-03
ASTS,"AST SpaceMobile, Inc.",Communication Equipment,United States,58.45,77.94167,42.5,108.0,12,22746839040,,,2026-11-09,-2.15,2026-10-03
DRI,"Darden Restaurants, Inc.",Restaurants,United States,200.33,234.44,163.0,276.0,25,22745821184,6.48,2026-10-09,2026-12-24,10.3,2026-10-03
AER,AerCap Holdings N.V.,Rental & Leasing Services,Ireland,144.34,179.3,165.0,190.0,10,22687946752,1.6,2026-08-12,2026-10-28,20.35,2026-10-03
ROKU,"Roku, Inc.",Entertainment,United States,152.39,162.3265,150.0,205.0,20,22631536640,,,2026-11-05,2.36,2026-10-03
CHD,"Church & Dwight Company, Inc.",Household & Personal Products,United States,94.31,105.10526,78.0,115.0,19,22370699264,1.23,2026-08-14,2026-10-30,3.12,2026-10-03
TROW,"T. Rowe Price Group, Inc.",Asset Management,United States,104.62,108.83333,90.0,124.0,12,22317105152,5.2,2026-09-15,2026-10-30,9.96,2026-10-03
SW,Smurfit WestRock plc,Packaging & Containers,Ireland,42.54,56.90625,46.0,69.0,16,22313205760,1.81,2026-08-14,2026-10-28,0.94,2026-10-03
CRCL,"Circle Internet Group, Inc.",Capital Markets,United States,81.25,105.0175,37.0,243.0,24,22148272128,,,2026-11-11,4.99,2026-10-03
XPO,"XPO, Inc.",Trucking,United States,186.09,230.56522,115.0,275.0,23,21788618752,,,2026-10-29,3.4,2026-10-03
GMAB,Genmab A/S,Biotechnology,Denmark,34.75,39.05,32.0,45.0,10,21686034432,,,2026-11-05,1.26,2026-10-03
CNH,CNH Industrial N.V.,Farm & Heavy Construction Machinery,United Kingdom,13.47,13.93895,9.0,21.0,19,21661898752,0.1,2026-05-21,2026-11-09,0.25,2026-10-03
RL,Ralph Lauren Corporation,Apparel Manufacturing,United States,363.37,446.70587,250.0,520.0,17,21650399232,4.0,2026-09-25,2026-11-05,15.88,2026-10-03
MKL,Markel Group Inc.,Insurance - Property & Casualty,United States,1737.18,1956.3334,1671.0,2107.0,6,21523587072,,,2026-10-28,181.24,2026-10-03
KEY,KeyCorp,Banks - Regional,United States,20.08,25.53158,22.0,43.0,19,21427941376,0.82,2026-09-01,2026-10-20,1.71,2026-10-03
SITM,SiTime Corporation,Semiconductors,United States,709.44,849.5,730.0,900.0,10,21251643392,,,2026-11-04,0.61,2026-10-03
DLTR,"Dollar Tree, Inc.",Discount Stores,United States,112.16,136.8,98.0,170.0,25,21044615168,,,2026-08-27,8.16,2026-10-03
IFF,International Flavors & Fragran,Specialty Chemicals,United States,82.42,96.29412,76.0,105.0,17,21029459968,1.6,2026-09-18,2026-11-03,-3.09,2026-10-03
LUV,Southwest Airlines Company,Airlines,United States,42.47,49.52609,34.0,65.0,23,20776673280,0.72,2026-09-03,2026-10-21,1.6,2026-10-03
GPN,Global Payments Inc.,Specialty Business Services,United States,78.38,105.0,70.0,194.0,30,20740788224,1.0,2026-09-11,2026-11-03,2.11,2026-10-03
EIX,Edison International,Utilities - Regulated Electric,United States,53.89,65.57143,42.0,86.0,14,20737626112,3.51,2026-10-07,2026-10-29,9.69,2026-10-03
RIVN,"Rivian Automotive, Inc.",Auto Manufacturers,United States,14.3,19.30769,13.0,25.0,26,20704407552,,,2026-10-29,-2.59,2026-10-03
BG,Bunge Limited,Farm Products,United States,106.72,141.77779,116.0,155.0,9,20502951936,2.88,2026-11-17,2026-10-29,4.64,2026-10-03
RS,"Reliance, Inc.",Steel,United States,400.31,408.875,390.0,425.0,8,20437649408,5.0,2026-08-14,2026-10-21,17.22,2026-10-03
VTRS,Viatris Inc.,Drug Manufacturers - Specialty & Generic,United States,17.6,19.4,13.0,25.0,10,20215199744,0.48,2026-08-21,2026-11-05,-0.37,2026-10-03
DOW,Dow Inc.,Chemicals,United States,27.97,33.625,29.0,41.0,16,20203870208,1.4,2026-08-31,2026-10-22,-1.83,2026-10-03
DINO,HF Sinclair Corporation,Oil & Gas Refining & Marketing,United States,113.36,104.66667,73.0,145.0,15,20153577472,2.1,2026-08-11,2026-10-28,10.49,2026-10-03
BRO,"Brown & Brown, Inc.",Insurance Brokers,United States,59.91,75.6875,60.0,90.0,16,20046508032,0.66,2026-08-12,2026-10-26,3.13,2026-10-03
CMS,CMS Energy Corporation,Utilities - Regulated Electric,United States,63.74,77.91667,68.0,86.0,12,19987408896,2.28,2026-08-07,2026-10-29,3.32,2026-10-03
RGLD,"Royal Gold, Inc.",Gold,United States,234.64,309.83334,218.0,380.0,12,19880544256,1.9,2026-10-02,2026-11-04,9.04,2026-10-03
EXE,Expand Energy Corporation,Oil & Gas E&P,United States,85.52,125.0,93.0,160.0,27,19798204416,2.3,2026-08-13,2026-10-27,11.6,2026-10-03
WWD,"Woodward, Inc.",Aerospace & Defense,United States,331.62,433.75,388.0,502.0,12,19580774400,1.28,2026-11-19,2026-11-23,8.98,2026-10-03
NTNX,"Nutanix, Inc.",Software - Infrastructure,United States,72.29,76.76286,59.68,90.0,14,19559518208,,,2026-11-25,5.17,2026-10-03
YPF,YPF Sociedad Anonima,Oil & Gas Integrated,Argentina,49.67,61.38333,50.0,78.0,12,19474368512,,,2026-10-29,1.89,2026-10-03
AMCR,Amcor plc,Packaging & Containers,Switzerland,41.86,50.17917,42.0,60.0,12,19337048064,2.6,2026-09-04,2026-11-05,2.38,2026-10-03
HSAI,Hesai Group,Auto Parts,China,15.38,28.371662,21.676443,36.24136,19,19334776832,,,2026-11-10,0.5,2026-10-03
STZ,"Constellation Brands, Inc.",Beverages - Brewers,United States,112.87,163.34782,110.0,209.0,23,19278688256,4.12,2026-07-30,2026-10-06,10.5,2026-10-03
CRS,Carpenter Technology Corporatio,Metal Fabrication,United States,388.47,612.125,430.0,700.0,8,19252017152,0.8,2026-08-25,2026-10-22,10.51,2026-10-03
LEN,Lennar Corporation,Residential Construction,United States,79.81,79.0,63.0,120.0,14,19225839616,2.0,2026-10-07,2026-12-15,5.31,2026-10-03
U,Unity Software Inc.,Software - Application,United States,43.61,49.39,35.0,55.0,24,19192279040,,,2026-11-04,-1.36,2026-10-03
LSCC,Lattice Semiconductor Corporati,Semiconductors,United States,134.0,164.53847,125.0,180.0,13,19032055808,,,2026-11-02,0.24,2026-10-03
LYB,LyondellBasell Industries NV,Specialty Chemicals,Netherlands,58.58,67.94118,56.0,88.0,17,18923563008,2.76,2026-08-24,2026-10-30,-0.83,2026-10-03
MKSI,MKS Inc.,Scientific & Technical Instruments,United States,279.15,410.85715,270.0,600.0,14,18875441152,1.0,2026-08-25,2026-11-04,6.29,2026-10-03
FSLR,"First Solar, Inc.",Solar,United States,174.61,275.87134,197.0,402.0,30,18765299712,,,2026-10-29,16.21,2026-10-03
NDSN,Nordson Corporation,Specialty Industrial Machinery,United States,333.54,349.7143,282.0,375.0,7,18577967104,3.76,2026-09-10,2026-08-19,9.87,2026-10-03
PR,Permian Resources Corporation,Oil & Gas E&P,United States,22.12,27.19048,22.0,30.0,21,18526763008,0.63,2026-09-16,2026-11-04,1.55,2026-10-03
ESS,"Essex Property Trust, Inc.",Reit - Residential,United States,268.65,304.07,239.0,352.0,25,18518820864,10.36,2026-09-30,2026-10-27,6.41,2026-10-03
WES,"Western Midstream Partners, LP",Oil & Gas Midstream,United States,44.76,49.69231,41.0,58.0,13,18493693952,3.72,2026-07-31,2026-11-03,3.16,2026-10-03
BBY,"Best Buy Co., Inc.",Specialty Retail,United States,87.97,86.95,71.0,100.0,20,18449745920,3.84,2026-09-17,2026-11-24,6.01,2026-10-03
VIV,Telefonica Brasil S.A.,Telecom Services,Brazil,11.54,14.853776,12.7007265,18.943186,8,18438647808,0.99,2026-08-27,2026-11-10,0.79,2026-10-03
CHRW,"C.H. Robinson Worldwide, Inc.",Integrated Freight & Logistics,United States,157.72,197.56,91.0,237.0,25,18429779968,2.52,2026-09-04,2026-10-28,5.24,2026-10-03
SSNC,"SS&C Technologies Holdings, Inc",Software - Application,United States,78.53,93.55556,82.0,112.0,9,18427455488,1.2,2026-09-01,2026-10-22,3.48,2026-10-03
BCE,"BCE, Inc.",Telecom Services,Canada,19.73,26.421904,24.62759,28.223942,3,18398734336,1.26,2026-09-15,2026-11-05,4.75,2026-10-03
TSN,"Tyson Foods, Inc.",Farm Products,United States,51.89,64.25,56.0,75.0,12,18254979072,2.04,2026-12-01,2026-11-16,1.62,2026-10-03
EVRG,"Evergy, Inc.",Utilities - Regulated Electric,United States,79.17,91.27273,80.0,103.0,11,18254002176,2.78,2026-08-18,2026-11-05,3.93,2026-10-03
CDE,"Coeur Mining, Inc.",Gold,United States,17.66,23.95455,18.0,35.0,11,18153330688,0.04,2026-05-22,2026-10-28,1.19,2026-10-03
BEKE,KE Holdings Inc,Real Estate Services,China,16.43,23.837862,19.068924,27.61282,20,18065016832,0.28,2026-04-08,2026-11-10,0.63,2026-10-03
TELNY,Telenor ASA,Telecom Services,Norway,13.32,14.6,12.0,16.1,3,18063333376,1.04,2026-10-16,2026-10-28,1.22,2026-10-03
ZBRA,Zebra Technologies Corporation,Communication Equipment,United States,375.86,411.45267,350.0,455.0,15,17782183936,,,2026-11-03,10.92,2026-10-03
IONQ,"IonQ, Inc.",Computer Hardware,United States,43.77,66.63214,41.85,100.0,14,17732788224,,,2026-11-04,-3.87,2026-10-03
BR,"Broadridge Financial Solutions,",Information Technology Services,United States,156.93,213.375,176.0,250.0,8,17717401600,4.36,2026-09-03,2026-11-03,9.6,2026-10-03
DD,"DuPont de Nemours, Inc.",Specialty Chemicals,United States,129.98,169.625,153.0,186.0,16,17552885760,2.4,2026-08-31,2026-11-05,2.33,2026-10-03
GPC,Genuine Parts Company,Auto Parts,United States,127.24,139.22221,122.0,170.0,9,17541275648,4.25,2026-09-04,2026-10-20,0.25,2026-10-03
PKX,POSCO Holdings Inc.,Steel,South Korea,57.59,68.0386,68.0386,68.0386,1,17420001280,1.55,2026-08-24,2026-10-26,3.37,2026-10-03
CF,"CF Industries Holdings, Inc.",Agricultural Inputs,United States,115.01,127.686,105.0,195.72,20,17405399040,2.4,2026-08-14,2026-11-04,13.48,2026-10-03
FTV,Fortive Corporation,Scientific & Technical Instruments,United States,57.47,64.0,51.0,72.0,14,17356920832,0.28,2026-09-04,2026-10-28,1.89,2026-10-03
MTZ,"MasTec, Inc.",Engineering & Construction,United States,215.93,413.4,313.0,518.0,20,17340246016,,,2026-10-29,6.28,2026-10-03
BURL,"Burlington Stores, Inc.",Apparel Retail,United States,275.34,364.75,290.0,440.0,16,17295536128,,,2026-11-27,11.12,2026-10-03
EWBC,"East West Bancorp, Inc.",Banks - Regional,United States,126.21,149.5625,134.0,164.0,16,17292265472,3.2,2026-08-03,2026-10-20,10.4,2026-10-03
TOST,"Toast, Inc.",Software - Infrastructure,United States,29.79,38.92308,25.0,45.0,26,17218621440,,,2026-11-03,0.79,2026-10-03
DT,"Dynatrace, Inc.",Software - Application,United States,59.32,59.97059,42.0,74.0,34,17216376832,,,2026-11-04,0.5,2026-10-03
GIS,"General Mills, Inc.",Packaged Foods,United States,32.01,37.0,30.0,45.0,18,17115334656,2.44,2026-10-13,2026-12-23,-1.64,2026-10-03
NWS,News Corporation,Entertainment,United States,31.65,,,,,17067616256,0.2,2026-09-09,2026-11-05,1.03,2026-10-03
WIT,Wipro Limited,Information Technology Services,India,1.72,1.66566,1.56,1.9,7,17016712192,0.09,2026-07-27,2026-10-15,0.13,2026-10-03
IP,International Paper Company,Packaging & Containers,United States,31.97,47.90909,39.0,62.0,11,16930349056,1.85,2026-08-14,2026-10-28,-5.28,2026-10-03
ZBH,"Zimmer Biomet Holdings, Inc.",Medical Devices,United States,88.29,107.57143,93.0,130.0,21,16840230912,0.96,2026-09-30,2026-11-05,4.12,2026-10-03
SBAC,SBA Communications Corporation,Reit - Specialty,United States,158.49,225.85,167.0,280.0,20,16813905920,5.0,2026-08-20,2026-11-02,9.28,2026-10-03
CLH,"Clean Harbors, Inc.",Waste Management,United States,318.51,358.33334,325.0,390.0,15,16813266944,,,2026-11-04,8.26,2026-10-03
PAA,"Plains All American Pipeline, L",Oil & Gas Midstream,United States,23.75,26.125,20.0,30.0,16,16757203968,1.63,2026-10-30,2026-11-06,1.17,2026-10-03
FIS,Fidelity National Information S,Information Technology Services,United States,32.44,49.66667,37.0,77.0,24,16729499648,1.76,2026-09-11,2026-11-04,6.51,2026-10-03
OVV,Ovintiv Inc. (DE),Oil & Gas E&P,United States,60.34,76.5,55.0,92.0,24,16690043904,1.2,2026-09-15,2026-11-04,3.58,2026-10-03
BEN,"Franklin Templeton, Inc.",Asset Management,United States,32.81,35.5,26.0,41.0,12,16670003200,1.32,2026-09-30,2026-11-06,1.47,2026-10-03
CDW,CDW Corporation,Information Technology Services,United States,133.29,158.66667,148.0,171.0,9,16663571456,2.52,2026-08-25,2026-11-03,8.33,2026-10-03
RCI,"Rogers Communication, Inc.",Telecom Services,Canada,30.83,38.635082,35.495262,41.84907,3,16655144960,1.45,2026-09-08,2026-10-23,8.03,2026-10-03
FN,Fabrinet,Electronic Components,Cayman Islands,463.69,734.1111,598.0,850.0,9,16616267776,,,2026-11-02,13.05,2026-10-03
STLA,Stellantis N.V.,Auto Manufacturers,Netherlands,4.4,6.93222,4.0,11.06,9,16576225280,,,2026-10-28,-7.68,2026-10-03
KKPNY,Royal KPN NV,Telecom Services,Netherlands,4.39,4.69,3.6,5.78,2,16559612928,0.22,2026-08-03,2025-07-23,0.25,2026-10-03
DOCN,"DigitalOcean Holdings, Inc.",Software - Infrastructure,United States,140.07,175.2,140.0,200.0,15,16469368832,,,2026-11-04,2.19,2026-10-03
IREN,IREN LIMITED,Capital Markets,Australia,41.76,77.69444,40.0,131.0,18,16455888896,,,2026-11-05,-2.22,2026-10-03
EFX,"Equifax, Inc.",Consulting Services,United States,140.0,207.04762,148.0,245.0,21,16447885312,2.24,2026-08-31,2026-10-20,5.69,2026-10-03
RGA,"Reinsurance Group of America, I",Insurance - Reinsurance,United States,249.41,277.33334,235.0,302.0,9,16286887936,3.92,2026-08-18,2026-10-29,22.7,2026-10-03
TSCO,Tractor Supply Company,Specialty Retail,United States,31.09,35.48148,28.0,42.0,27,16199137280,0.96,2026-08-24,2026-10-22,1.92,2026-10-03
J,Jacobs Solutions Inc.,Engineering & Construction,United States,138.06,162.53333,144.0,181.0,15,16158350336,1.44,2026-08-21,2026-11-19,3.01,2026-10-03
AS,"Amer Sports, Inc.",Leisure,Finland,27.17,47.4496,31.0,67.0,25,15808104448,,,2026-11-17,0.96,2026-10-03
HST,"Host Hotels & Resorts, Inc.",Reit - Hotel & Motel,United States,22.56,25.29033,21.0,29.0,20,15673028608,0.8,2026-09-30,2026-11-04,1.49,2026-10-03
AKAM,"Akamai Technologies, Inc.",Software - Infrastructure,United States,108.92,158.87318,93.0,225.0,22,15653612544,,,2026-11-05,2.76,2026-10-03
PTC,PTC Inc.,Software - Application,United States,144.03,174.21053,140.0,230.0,19,15628156928,,,2026-11-11,10.31,2026-10-03
NWSA,News Corporation,Entertainment,United States,28.69,36.1625,30.3,43.0,8,15471404032,0.2,2026-09-09,2026-11-05,1.03,2026-10-03
APA,APA Corporation,Oil & Gas E&P,United States,43.68,46.2,36.0,62.0,25,15303354368,1.0,2026-10-22,2026-11-04,4.74,2026-10-03
JAZZ,Jazz Pharmaceuticals plc,Biotechnology,Ireland,235.67,294.27274,225.0,337.0,22,15298417664,,,2026-11-04,14.61,2026-10-03
TLN,Talen Energy Corporation,Utilities - Independent Power Producers,United States,320.77,455.64706,307.0,560.0,17,15172420608,,,2026-11-04,-4.04,2026-10-03
CRBG,Corebridge Financial Inc.,Asset Management,United States,34.03,38.83333,32.0,46.0,12,15169505280,1.0,2026-09-16,2026-11-02,1.56,2026-10-03
RBA,"RB Global, Inc.",Specialty Business Services,United States,81.88,128.63635,104.0,152.0,11,15164175360,1.32,2026-08-25,2026-11-05,2.32,2026-10-03
GFL,GFL Environmental Inc. Subordin,Waste Management,United States,41.98,50.672466,40.035103,63.053707,13,15150176256,0.07,2026-10-14,2026-10-28,-0.41,2026-10-03
ASND,Ascendis Pharma A/S,Biotechnology,Denmark,227.87,307.35742,263.28265,351.2867,20,14994674688,,,2026-04-30,12.7,2026-10-03
LOGI,Logitech International S.A. - R,Computer Hardware,Switzerland,104.32,106.8,84.0,141.0,10,14937407488,1.66,2026-09-21,2026-11-03,5.46,2026-10-03
BALL,Ball Corporation,Packaging & Containers,United States,56.37,72.57143,63.0,79.0,14,14921327616,0.8,2026-09-01,2026-11-03,3.49,2026-10-03
KIM,Kimco Realty Corporation (HC),Reit - Retail,United States,22.24,26.89286,23.0,31.0,21,14918355968,1.12,2026-09-04,2026-10-29,0.86,2026-10-03
TIGO,Millicom International Cellular,Telecom Services,Luxembourg,88.32,98.3875,60.1,132.0,8,14812146688,3.0,2026-10-08,2026-11-05,4.01,2026-10-03
ARMK,Aramark,Specialty Business Services,United States,55.55,68.5,47.0,75.0,16,14644370432,0.48,2026-08-19,2026-11-24,1.43,2026-10-03
OHI,"Omega Healthcare Investors, Inc",Reit - Healthcare Facilities,United States,45.72,51.88889,46.0,61.0,18,14598272000,2.72,2026-08-03,2026-11-03,2.81,2026-10-03
VNOM,"Viper Energy, Inc.",Oil & Gas Midstream,United States,40.64,54.95,45.0,65.0,20,14597680128,2.45,2026-08-13,2026-11-02,-0.1,2026-10-03
EVVTY,Evolution AB,Gambling,Sweden,79.84,57.0,57.0,57.0,1,14579663872,,,2025-07-17,6.02,2026-10-03
NBIX,"Neurocrine Biosciences, Inc.",Drug Manufacturers - Specialty & Generic,United States,143.18,207.81139,164.0,253.0,29,14554129408,,,2026-10-28,6.83,2026-10-03
GIB,CGI Inc.,Information Technology Services,Canada,70.19,81.151985,73.774666,88.52931,2,14534623232,0.49,2026-08-14,2026-11-11,5.67,2026-10-03
EXEL,"Exelixis, Inc.",Biotechnology,United States,58.39,53.93333,41.0,66.0,15,14467973120,,,2026-10-27,3.18,2026-10-03
EQH,"Equitable Holdings, Inc.",Asset Management,United States,52.64,62.09091,52.0,68.0,11,14358390784,1.14,2026-08-03,2026-11-02,-3.29,2026-10-03
FUTU,Futu Holdings Limited,Capital Markets,Hong Kong,102.17,160.86403,121.84673,236.62184,18,14323671040,2.6,2026-04-16,2026-11-17,10.03,2026-10-03
FICO,Fair Isaac Corporation,Software - Application,United States,661.25,1232.2616,490.0,1750.0,19,14281437184,,,2026-11-04,34.54,2026-10-03
VICR,Vicor Corporation,Electronic Components,United States,308.9,393.75,350.0,450.0,4,14242369536,,,2026-10-20,3.11,2026-10-03
CHTR,"Charter Communications, Inc.",Telecom Services,United States,109.29,175.10526,68.0,380.0,19,14203066368,,,2026-10-30,38.43,2026-10-03
JLL,Jones Lang LaSalle Incorporated,Real Estate Services,United States,306.81,427.0,332.0,500.0,10,14115623936,,,2026-10-28,20.86,2026-10-03
SUN,Sunoco LP,Oil & Gas Refining & Marketing,United States,74.73,83.0,78.0,90.0,7,14080167936,4.01,2026-08-07,2026-11-03,4.53,2026-10-03
WMG,Warner Music Group Corp.,Entertainment,United States,26.82,37.8125,30.0,46.0,16,14027188224,0.8,2026-08-20,2026-11-19,1.25,2026-10-03
UNM,Unum Group,Insurance - Life,United States,88.57,101.92308,88.0,122.0,13,14021233664,2.02,2026-07-24,2026-11-03,4.31,2026-10-03
CRL,Charles River Laboratories Inte,Diagnostics & Research,United States,290.19,305.0,145.0,357.0,15,13977793536,,,2026-11-04,-4.82,2026-10-03
CLPBY,Coloplast AS,Medical Instruments & Supplies,Denmark,6.19,8.3325,6.7,12.2,4,13950287872,0.36,2026-05-22,2025-08-19,0.19,2026-10-03
TTMI,"TTM Technologies, Inc.",Electronic Components,United States,131.87,203.0,175.0,224.0,4,13892354048,,,2026-11-04,2.21,2026-10-03
W,Wayfair Inc.,Internet Retail,United States,101.25,124.03448,83.0,156.0,29,13868016640,,,2026-11-04,-2.48,2026-10-03
TEM,"Tempus AI, Inc.",Health Information Services,United States,76.63,70.05556,35.0,100.0,18,13826714624,,,2026-11-03,-1.44,2026-10-03
DOC,"Healthpeak Properties, Inc.",Reit - Healthcare Facilities,United States,19.49,22.94737,17.0,29.0,19,13817381888,1.22,2026-10-19,2026-11-02,0.35,2026-10-03
CX,"Cemex, S.A.B. de C.V. Sponsored",Building Materials,Mexico,9.53,14.81333,11.0,20.0,15,13751335936,0.12,2026-09-15,2026-10-26,0.35,2026-10-03
IVZ,Invesco Ltd,Asset Management,United States,30.66,34.03846,29.0,39.0,13,13536382976,0.86,2026-08-14,2026-10-27,-0.68,2026-10-03
YUMC,"Yum China Holdings, Inc.",Restaurants,China,39.98,61.915,52.0,77.0,20,13528966144,1.16,2026-08-27,2026-11-04,2.73,2026-10-03
RNR,RenaissanceRe Holdings Ltd.,Insurance - Reinsurance,Bermuda,325.53,347.3125,312.0,422.0,16,13526387712,1.64,2026-09-15,2026-11-03,57.69,2026-10-03
IESC,"IES Holdings, Inc.",Engineering & Construction,United States,339.34,440.0,440.0,440.0,1,13522262016,,,2026-11-20,11.27,2026-10-03
TRMB,Trimble Inc.,Scientific & Technical Instruments,United States,57.52,79.5,61.0,94.0,10,13412504576,,,2026-11-04,-0.48,2026-10-03
DKS,Dick's Sporting Goods Inc,Specialty Retail,United States,136.08,157.96088,99.0,205.0,23,13407494144,5.0,2026-09-11,2026-11-24,9.06,2026-10-03
CHKP,Check Point Software Technologi,Software - Infrastructure,Israel,130.35,145.82516,105.0,201.0,31,13308818432,,,2026-11-02,9.75,2026-10-03
TYL,"Tyler Technologies, Inc.",Software - Application,United States,322.81,424.77274,335.0,525.0,22,13219803136,,,2026-10-28,7.59,2026-10-03
AIZ,"Assurant, Inc.",Insurance - Property & Casualty,United States,267.32,330.0,320.0,355.0,6,13185229824,3.52,2026-08-31,2026-11-03,20.9,2026-10-03
GEN,Gen Digital Inc.,Software - Infrastructure,United States,21.99,32.55556,25.0,46.0,9,13162928128,0.5,2026-08-17,2026-11-05,1.71,2026-10-03
BBIO,"BridgeBio Pharma, Inc.",Biotechnology,United States,67.25,109.09524,80.0,157.0,21,13146903552,,,2026-10-28,-3.56,2026-10-03
ALLE,Allegion plc,Security & Protection Services,Ireland,154.21,178.0,160.0,202.0,11,13113523200,2.2,2026-09-15,2026-10-22,7.62,2026-10-03
FLUT,Flutter Entertainment plc,Gambling,United States,74.81,134.775,85.0,360.0,32,12982460416,,,2026-11-04,-4.26,2026-10-03
DOCU,"DocuSign, Inc.",Software - Application,United States,69.01,69.99312,46.89,86.0,16,12898138112,,,2026-12-03,1.64,2026-10-03
AVY,Avery Dennison Corporation,Packaging & Containers,United States,169.87,201.8,181.0,225.0,10,12874131456,4.0,2026-09-02,2026-10-29,9.15,2026-10-03
SWKS,"Skyworks Solutions, Inc.",Semiconductors,United States,85.03,69.82353,52.0,95.0,17,12794700800,2.84,2026-05-26,2026-11-03,1.93,2026-10-03
GL,Globe Life Inc.,Insurance - Life,United States,165.68,193.90909,166.0,225.0,11,12732416000,1.32,2026-10-05,2026-10-21,15.04,2026-10-03
TU,Telus Corporation,Telecom Services,Canada,8.04,10.33333,9.5,11.0,3,12663000064,0.54,2026-09-10,2026-11-06,-0.42,2026-10-03
TME,Tencent Music Entertainment Gro,Internet Content & Information,China,7.74,12.59624,9.061609,24.047949,28,12614381568,0.24,2026-04-02,2026-11-11,0.85,2026-10-03
GRAB,Grab Holdings Limited,Software - Application,Singapore,3.08,5.76458,4.5,8.0,24,12601209856,,,2026-11-03,0.11,2026-10-03
NVMI,Nova Ltd.,Semiconductor Equipment & Materials,Israel,396.12,532.0,461.0,600.0,8,12599056384,,,2026-11-05,8.04,2026-10-03
CORT,Corcept Therapeutics Incorporat,Biotechnology,United States,116.23,141.0,50.0,165.0,5,12564277248,,,2026-11-04,0.44,2026-10-03
SJM,The J.M. Smucker Company,Packaged Foods,United States,117.19,142.125,120.0,157.0,16,12518608896,4.48,2026-08-14,2026-11-24,2.1,2026-10-03
QXO,"QXO, Inc.",Industrial Distribution,United States,12.06,28.94444,18.0,50.0,18,12512138240,,,2026-11-05,-0.93,2026-10-03
AEG,Aegon Ltd. New York Registry Sh,Insurance - Diversified,Netherlands,8.45,9.875,9.15,10.6,2,12505920512,0.49,2026-09-03,2026-08-20,0.74,2026-10-03
GWRE,"Guidewire Software, Inc.",Software - Application,United States,152.15,213.2857,170.0,258.0,14,12475184128,,,2026-12-03,1.63,2026-10-03
HALO,"Halozyme Therapeutics, Inc.",Biotechnology,United States,109.86,99.55556,70.0,115.0,9,12468890624,,,2026-11-02,3.41,2026-10-03
GME,GameStop Corporation,Specialty Retail,United States,24.7,,,,,12461174784,,,2026-12-08,1.52,2026-10-03
BWXT,"BWX Technologies, Inc.",Aerospace & Defense,United States,134.86,217.69438,165.0,290.0,16,12356141056,1.06,2026-08-18,2026-11-02,3.86,2026-10-03
DTM,"DT Midstream, Inc.",Oil & Gas Midstream,United States,121.0,152.66667,130.0,170.0,15,12343851008,3.52,2026-09-21,2026-10-29,4.56,2026-10-03
ALB,Albemarle Corporation,Specialty Chemicals,United States,104.59,171.064,83.28,225.0,20,12342148096,1.64,2026-09-11,2026-11-04,0.27,2026-10-03
ARW,"Arrow Electronics, Inc.",Electronics & Computer Distribution,United States,242.01,235.0,200.0,250.0,4,12319621120,,,2026-10-29,15.66,2026-10-03
GDDY,GoDaddy Inc.,Software - Infrastructure,United States,97.21,106.75,76.0,170.0,16,12311422976,,,2026-10-29,6.73,2026-10-03
RMBS,"Rambus, Inc.",Semiconductors,United States,111.97,147.85715,100.0,180.0,7,12144445440,,,2026-10-26,2.18,2026-10-03
BAX,Baxter International Inc.,Medical Instruments & Supplies,United States,23.49,28.72727,23.0,40.0,11,12144235520,0.04,2026-08-28,2026-10-29,-1.88,2026-10-03
MKC,"McCormick & Company, Incorporat",Packaged Foods,United States,44.67,54.84615,47.0,65.0,13,12019109888,1.92,2026-10-13,2026-10-01,6.01,2026-10-03
BF.B,Brown Forman Inc,Beverages - Wineries & Distilleries,United States,26.16,28.25882,20.0,35.0,17,12003889152,0.92,2026-09-03,2026-12-03,1.55,2026-10-03
BJ,"BJ's Wholesale Club Holdings, I",Discount Stores,United States,94.96,105.8,82.0,120.0,20,11994843136,,,2026-11-20,4.41,2026-10-03
MANH,"Manhattan Associates, Inc.",Software - Application,United States,204.15,220.7,180.0,260.0,10,11902668800,,,2026-10-27,3.49,2026-10-03
FMS,Fresenius Medical Care AG,Medical Care Facilities,Germany,22.25,23.551243,16.900822,37.178883,7,11841881088,0.87,2026-05-22,2026-11-03,1.88,2026-10-03
FRO,Frontline Plc,Oil & Gas Midstream,Cyprus,52.74,50.75,41.0,70.0,4,11741131776,5.38,2026-09-18,2026-08-28,6.67,2026-10-03
IT,"Gartner, Inc.",Information Technology Services,United States,184.8,185.15385,150.0,229.0,13,11669931008,,,2026-11-03,11.12,2026-10-03
SAIL,"SailPoint, Inc.",Software - Infrastructure,United States,20.43,21.12,10.0,27.0,25,11663724544,,,2026-09-09,-0.34,2026-10-03
LFUS,"Littelfuse, Inc.",Electronic Components,United States,456.53,488.75,415.0,520.0,4,11595290624,3.2,2026-08-20,2026-10-28,-0.48,2026-10-03
HL,Hecla Mining Company,Other Precious Metals & Mining,United States,17.2,23.075,17.0,32.0,10,11554417664,0.02,2026-08-26,2026-11-05,0.83,2026-10-03
MDGL,"Madrigal Pharmaceuticals, Inc.",Biotechnology,United States,499.4,682.1111,543.0,962.0,18,11538200576,,,2026-11-04,-13.99,2026-10-03
AFG,"American Financial Group, Inc.",Insurance - Property & Casualty,United States,139.1,155.83333,136.0,175.0,6,11534375936,3.52,2026-10-15,2026-11-03,11.45,2026-10-03
CCK,"Crown Holdings, Inc.",Packaging & Containers,United States,106.05,136.57143,121.0,155.0,14,11534052352,1.31,2026-08-06,2026-10-19,6.94,2026-10-03
ALLY,Ally Financial Inc.,Credit Services,United States,37.91,51.95,42.0,58.0,18,11532210176,1.2,2026-07-31,2026-10-20,4.25,2026-10-03
DVA,DaVita Inc.,Medical Care Facilities,United States,178.69,219.85715,165.0,270.0,7,11400422400,,,2026-10-28,11.8,2026-10-03
FIG,"Figma, Inc.",Software - Application,United States,21.36,30.8,25.0,37.0,10,11385091072,,,2026-11-04,-4.35,2026-10-03
AUR,"Aurora Innovation, Inc.",Auto Parts,United States,5.67,12.04917,3.59,18.0,12,11363560448,,,2026-10-28,-0.46,2026-10-03
GLPI,"Gaming and Leisure Properties, ",Reit - Specialty,United States,37.68,51.78261,43.0,63.0,23,11285206016,3.28,2026-09-11,2026-10-29,3.42,2026-10-03
HRL,Hormel Foods Corporation,Packaged Foods,United States,20.25,25.9375,23.0,30.0,8,11144603648,1.17,2026-10-13,2026-08-27,0.62,2026-10-03
CPT,Camden Property Trust,Reit - Residential,United States,95.96,115.42045,102.0,132.0,22,11105697792,4.24,2026-09-30,2026-11-05,3.03,2026-10-03
CSGP,"CoStar Group, Inc.",Real Estate Services,United States,27.38,37.3,25.0,53.0,20,11094309888,,,2026-10-27,0.18,2026-10-03
AA,Alcoa Corporation,Aluminum,United States,41.95,62.64167,49.7,80.0,12,11071001600,0.4,2026-08-11,2026-10-15,4.82,2026-10-03
BMRN,BioMarin Pharmaceutical Inc.,Biotechnology,United States,57.18,91.61538,60.0,124.0,26,11068548096,,,2026-10-26,0.37,2026-10-03
HUT,Hut 8 Corp.,Capital Markets,United States,89.63,157.09091,96.0,273.0,22,11047746560,,,2026-11-04,-5.4,2026-10-03
HUBS,"HubSpot, Inc.",Software - Application,United States,214.53,249.71677,190.0,320.0,31,10981942272,,,2026-11-04,2.81,2026-10-03
BXP,"BXP, Inc.",Reit - Office,United States,60.45,76.35,60.0,91.0,20,10934040576,2.8,2026-09-30,2026-10-27,1.86,2026-10-03
PINS,"Pinterest, Inc.",Internet Content & Information,United States,19.26,29.05029,22.0,42.36,35,10907189248,,,2026-11-09,0.34,2026-10-03
KNX,Knight-Swift Transportation Hol,Trucking,United States,66.76,87.9,57.0,100.0,20,10865591296,0.8,2026-09-04,2026-10-21,0.27,2026-10-03
COO,"The Cooper Companies, Inc.",Medical Instruments & Supplies,United States,56.91,66.21429,58.0,75.0,14,10821737472,,,2026-09-09,2.91,2026-10-03
DECK,Deckers Outdoor Corporation,Footwear & Accessories,United States,79.12,120.40909,70.0,184.0,22,10774709248,,,2026-10-22,7.03,2026-10-03
PSKY,Paramount Skydance Corporation,Entertainment,United States,9.5,9.92438,2.0,16.0,16,10658484224,0.2,2026-09-15,2026-11-09,0.03,2026-10-03
RRX,Regal Rexnord Corporation,Specialty Industrial Machinery,United States,159.87,242.2,216.0,275.0,10,10642477056,1.4,2026-09-30,2026-10-28,4.85,2026-10-03
HII,"Huntington Ingalls Industries, ",Aerospace & Defense,United States,268.54,367.25,304.0,439.0,12,10581711872,5.52,2026-08-28,2026-10-29,16.79,2026-10-03
FNF,"Fidelity National Financial, In",Insurance - Specialty,United States,39.26,61.4,54.0,70.0,5,10529250304,2.08,2026-09-16,2026-11-05,2.87,2026-10-03
CART,Maplebear Inc.,Internet Retail,United States,44.25,58.14286,45.0,77.0,28,10502003712,,,2026-11-09,1.83,2026-10-03
AR,Antero Resources Corporation,Oil & Gas E&P,United States,34.08,49.90476,37.0,58.0,21,10477521920,,,2026-10-28,3.49,2026-10-03
LULU,lululemon athletica inc.,Apparel Retail,Canada,94.46,104.91111,44.0,255.0,27,10457668608,,,2026-09-03,12.15,2026-10-03
LI,Li Auto Inc.,Auto Manufacturers,China,10.69,15.161248,9.030558,20.609522,23,10447064064,,,2026-11-25,-0.68,2026-10-03
CHYM,"Chime Financial, Inc.",Software - Application,United States,27.25,39.40909,30.0,50.0,22,10316444672,,,2026-11-04,5.37,2026-10-03
ONON,On Holding AG,Footwear & Accessories,Switzerland,30.85,43.560097,20.006517,71.661354,30,10310522880,,,2026-11-11,1.41,2026-10-03
TXRH,"Texas Roadhouse, Inc.",Restaurants,United States,156.14,218.73914,133.0,276.0,23,10249174016,3.0,2026-09-01,2026-11-05,6.25,2026-10-03
DDS,"Dillard's, Inc.",Department Stores,United States,654.11,545.6667,468.0,650.0,3,10216839168,1.2,2026-09-30,2026-11-12,43.63,2026-10-03
ALGN,"Align Technology, Inc.",Medical Instruments & Supplies,United States,143.74,206.35715,170.0,235.0,14,10211269632,,,2026-10-28,5.76,2026-10-03
RDY,Dr. Reddy's Laboratories Ltd,Drug Manufacturers - Specialty & Generic,India,12.25,13.291718,11.290333,15.3027935,5,10204110848,0.08,2026-07-09,2026-10-23,0.41,2026-10-03
NYT,New York Times Company (The),Publishing,United States,62.7,78.55556,63.0,90.0,9,10112481280,0.92,2026-10-07,2026-11-04,2.4,2026-10-03
QRVO,"Qorvo, Inc.",Semiconductors,United States,114.17,90.16667,66.0,105.0,12,10072263680,,,2026-11-09,4.31,2026-10-03
JKHY,"Jack Henry & Associates, Inc.",Information Technology Services,United States,142.54,189.72221,158.0,209.0,18,9993850880,2.44,2026-09-04,2026-11-03,6.98,2026-10-03
PAYC,"Paycom Software, Inc.",Software - Application,United States,220.99,217.76471,160.0,285.0,17,9960377344,1.5,2026-08-24,2026-11-04,9.44,2026-10-03
MOH,Molina Healthcare Inc,Healthcare Plans,United States,189.54,209.11765,147.0,266.0,17,9893987328,,,2026-10-21,0.16,2026-10-03
BIO,"Bio-Rad Laboratories, Inc.",Medical Devices,United States,369.14,328.33334,280.0,390.0,3,9870130176,,,2026-10-29,8.21,2026-10-03
ESTC,Elastic N.V.,Software - Application,Netherlands,93.94,110.69231,75.0,130.0,26,9862881280,,,2026-11-19,3.5,2026-10-03
DPZ,Domino's Pizza Inc,Restaurants,United States,297.62,376.4074,260.0,450.0,27,9845620736,7.96,2026-09-15,2026-10-13,17.64,2026-10-03
NUVL,"Nuvalent, Inc.",Biotechnology,United States,123.96,124.0,124.0,124.0,9,9808736256,,,,-6.06,2026-10-03
MSGS,Madison Square Garden Sports Co,Entertainment,United States,406.95,480.66666,415.0,584.0,6,9799331840,,,2026-10-30,0.32,2026-10-03
TFII,TFI International Inc.,Trucking,Canada,118.9,171.42857,144.0,205.0,14,9772751872,1.88,2026-09-30,2026-10-29,4.0,2026-10-03
BSY,"Bentley Systems, Incorporated",Software - Application,United States,32.23,43.93333,37.0,59.0,15,9736454144,0.28,2026-09-22,2026-11-04,0.9,2026-10-03
CLX,Clorox Company (The),Household & Personal Products,United States,80.41,100.05882,77.0,154.0,17,9724062720,5.0,2026-10-28,2026-11-03,4.77,2026-10-03
AM,Antero Midstream Corporation,Oil & Gas Midstream,United States,20.36,24.0,22.0,26.0,7,9664362496,0.9,2026-07-29,2026-10-28,0.83,2026-10-03
BRKR,Bruker Corporation,Medical Devices,United States,63.24,62.25,50.0,80.0,12,9635203072,0.2,2026-09-21,2026-11-03,-0.75,2026-10-03
PBF,PBF Energy Inc.,Oil & Gas Refining & Marketing,United States,80.78,73.38462,55.0,89.0,13,9575406592,1.1,2026-08-14,2026-10-29,11.41,2026-10-03
MUSA,Murphy USA Inc.,Specialty Retail,United States,515.02,617.8,550.0,680.0,10,9466247168,2.6,2026-08-24,2026-10-28,32.46,2026-10-03
FDS,FactSet Research Systems Inc.,Financial Data & Stock Exchanges,United States,266.0,277.5625,212.0,340.0,16,9460434944,4.64,2026-08-31,2026-12-17,14.57,2026-10-03
FLS,Flowserve Corporation,Specialty Industrial Machinery,United States,74.37,89.0,70.0,100.0,10,9453378560,0.88,2026-09-25,2026-10-27,2.87,2026-10-03
LKNCY,Luckin Coffee Inc.,Restaurants,China,32.91,48.68308,44.0,54.68,13,9421760512,,,2026-11-24,1.75,2026-10-03
MTCH,"Match Group, Inc.",Internet Content & Information,United States,40.32,41.88235,35.0,51.0,17,9405305856,0.8,2026-10-05,2026-11-03,2.82,2026-10-03
SAIA,"Saia, Inc.",Trucking,United States,351.12,431.90475,285.0,510.0,21,9341585408,,,2026-10-29,10.36,2026-10-03
DKNG,DraftKings Inc.,Gambling,United States,18.59,34.8125,20.0,76.0,36,9229080576,,,2026-11-05,-0.35,2026-10-03
ORI,Old Republic International Corp,Insurance - Property & Casualty,United States,38.06,43.5,39.0,48.0,2,9188937728,1.26,2026-09-04,2026-10-22,4.47,2026-10-03
APTV,Aptiv PLC,Auto Parts,Switzerland,43.54,66.61111,55.0,78.0,18,9040355328,,,2026-10-29,2.21,2026-10-03
KT,KT Corporation,Telecom Services,South Korea,18.94,21.94458,20.0,26.0,4,9020433408,0.81,2026-07-29,2026-11-05,1.98,2026-10-03
RRC,Range Resources Corporation,Oil & Gas E&P,United States,38.23,45.78261,36.0,57.0,23,8933567488,0.4,2026-09-11,2026-10-27,3.62,2026-10-03
KNTK,Kinetik Holdings Inc.,Oil & Gas Midstream,United States,52.53,57.3125,48.0,70.0,16,8888069120,3.21,2026-07-24,2026-11-04,2.86,2026-10-03
XPEV,XPeng Inc.,Auto Manufacturers,China,9.25,18.41937,11.520593,25.26505,25,8861284352,,,2026-11-16,-0.49,2026-10-03
S,"SentinelOne, Inc.",Software - Infrastructure,United States,25.06,24.48333,17.5,29.0,30,8722110464,,,2026-08-27,-1.02,2026-10-03
SIRI,SiriusXM Holdings Inc.,Entertainment,United States,25.72,33.23077,24.0,46.0,13,8669360128,1.08,2026-08-10,2026-11-05,2.49,2026-10-03
CTRE,"CareTrust REIT, Inc.",Reit - Healthcare Facilities,United States,36.3,45.15385,43.0,49.0,13,8577442816,1.56,2026-09-30,2026-11-09,1.6,2026-10-03
AAL,"American Airlines Group, Inc.",Airlines,United States,12.94,16.79565,10.3,25.0,23,8565890560,,,2026-10-22,-0.49,2026-10-03
PRI,"Primerica, Inc.",Insurance - Life,United States,275.42,324.5,276.0,360.0,6,8476698112,4.8,2026-08-21,2026-11-04,24.89,2026-10-03
TIMB,TIM S.A.,Telecom Services,Brazil,17.83,24.24125,21.4,28.5,8,8470195712,1.57,2026-09-28,2026-11-03,1.73,2026-10-03
EAT,"Brinker International, Inc.",Restaurants,United States,202.0,265.0909,151.0,325.0,22,8460014592,,,2026-10-28,10.86,2026-10-03
NIO,NIO Inc.,Auto Manufacturers,China,3.37,6.3094826,3.9104602,10.112558,24,8444097536,,,2026-11-24,-0.27,2026-10-03
MP,MP Materials Corp.,Other Industrial Metals & Mining,United States,46.97,73.41176,57.0,100.0,17,8365431808,,,2026-11-05,-0.33,2026-10-03
TGTX,"TG Therapeutics, Inc.",Biotechnology,United States,54.29,69.71429,21.0,86.0,7,8310907904,,,2026-11-02,2.74,2026-10-03
GTLB,GitLab Inc.,Software - Infrastructure,United States,49.78,55.70833,45.0,70.0,24,8294094848,,,2026-12-01,-0.32,2026-10-03
ADC,Agree Realty Corporation,Reit - Retail,United States,65.88,82.94444,72.0,93.0,18,8217009664,3.2,2026-09-30,2026-10-20,1.86,2026-10-03
ARE,Alexandria Real Estate Equities,Reit - Office,United States,47.37,52.57143,40.0,60.0,14,8152153088,2.88,2026-09-30,2026-10-26,-6.05,2026-10-03
ZETA,Zeta Global Holdings Corp.,Software - Infrastructure,United States,32.63,31.64286,25.0,44.0,14,8133276160,,,2026-11-03,0.0,2026-10-03
KTOS,Kratos Defense & Security Solut,Aerospace & Defense,United States,43.07,102.19048,60.0,150.0,21,8085157376,,,2026-11-03,0.17,2026-10-03
LEA,Lear Corporation,Auto Parts,United States,120.85,150.85715,130.0,179.0,14,8045560320,3.08,2026-09-02,2026-10-22,11.04,2026-10-03
PCTY,Paylocity Holding Corporation,Software - Application,United States,144.47,172.15,128.0,250.0,20,7998726144,,,2026-11-03,4.92,2026-10-03
UGI,UGI Corporation,Utilities - Regulated Gas,United States,37.2,43.25,42.0,46.0,4,7979212800,1.5,2026-09-15,2026-11-18,3.01,2026-10-03
CTVA,"Corteva, Inc.",Agricultural Inputs,United States,11.92,19.0,19.0,19.0,1,7952976896,0.72,2026-09-01,2026-11-03,1.65,2026-10-03
GAP,"Gap, Inc. (The)",Apparel Retail,United States,22.51,26.51053,21.0,42.0,19,7907090944,0.7,2026-10-07,2026-11-19,3.32,2026-10-03
WYNN,"Wynn Resorts, Limited",Resorts & Casinos,United States,75.88,132.005,116.0,144.0,20,7813658112,1.0,2026-08-14,2026-11-05,4.17,2026-10-03
MGM,MGM Resorts International,Resorts & Casinos,United States,30.48,49.33158,40.0,57.0,19,7798345216,,,2026-10-28,1.65,2026-10-03
KMX,CarMax Inc,Auto & Truck Dealerships,United States,54.92,62.61538,43.0,96.0,13,7795498496,,,2026-12-17,2.12,2026-10-03
HESM,Hess Midstream LP,Oil & Gas Midstream,United States,37.75,37.5,33.0,40.0,6,7783233536,3.09,2026-08-06,2026-11-02,2.9,2026-10-03
PCOR,"Procore Technologies, Inc.",Software - Application,United States,50.95,68.19048,55.0,88.0,21,7742125056,,,2026-11-04,-0.26,2026-10-03
WULF,TeraWulf Inc.,Capital Markets,United States,15.49,33.69167,15.0,62.5,24,7729024512,,,2026-11-09,-4.46,2026-10-03
AOS,A.O. Smith Corporation,Specialty Industrial Machinery,United States,56.75,69.90909,59.0,84.0,11,7712811520,1.44,2026-07-31,2026-10-29,3.57,2026-10-03
LEVI,Levi Strauss & Co,Apparel Manufacturing,United States,19.87,27.53333,22.0,34.0,15,7646981120,0.64,2026-07-22,2026-10-07,1.4,2026-10-03
THG,Hanover Insurance Group Inc,Insurance - Property & Casualty,United States,219.43,238.25,229.0,260.0,8,7640600576,3.8,2026-09-11,2026-10-28,20.89,2026-10-03
ATR,"AptarGroup, Inc.",Medical Instruments & Supplies,United States,119.91,170.14285,155.0,220.0,7,7624013312,1.92,2026-07-30,2026-10-29,5.54,2026-10-03
APLD,Applied Digital Corporation,Information Technology Services,United States,25.38,66.43333,22.0,109.0,15,7592939008,,,2026-10-07,-0.87,2026-10-03
GIL,"Gildan Activewear, Inc.",Apparel Manufacturing,Canada,41.0,82.0,54.0,111.0,8,7592865280,1.0,2026-08-20,2026-10-29,1.29,2026-10-03
SEI,"Solaris Energy Infrastructure, ",Oil & Gas Equipment & Services,United States,74.93,101.27143,82.0,120.0,14,7539933184,0.48,2026-09-15,2026-11-02,0.79,2026-10-03
CHRD,Chord Energy Corporation,Oil & Gas E&P,United States,137.01,173.125,145.0,210.0,16,7494155264,5.2,2026-08-20,2026-11-03,14.8,2026-10-03
EMN,Eastman Chemical Company,Specialty Chemicals,United States,64.87,80.93333,74.0,100.0,15,7416368640,3.36,2026-09-15,2026-11-02,3.84,2026-10-03
RIOT,"Riot Platforms, Inc.",Capital Markets,United States,19.73,32.35818,22.0,45.0,22,7403858944,,,2026-10-29,-3.84,2026-10-03
DBX,"Dropbox, Inc.",Software - Infrastructure,United States,33.9,31.8,23.0,42.0,5,7371305472,,,2026-11-05,1.81,2026-10-03
ALGM,"Allegro MicroSystems, Inc.",Semiconductors,United States,39.53,54.41667,48.0,62.0,12,7368472576,,,2026-10-29,0.07,2026-10-03
CWAN,"Clearwater Analytics Holdings, ",Software - Application,United States,24.56,24.44,24.0,24.55,5,7330872320,,,,-0.18,2026-10-03
NFG,National Fuel Gas Company,Oil & Gas Integrated,United States,76.43,93.0,91.0,95.0,2,7264296960,2.22,2026-09-30,2026-11-04,7.18,2026-10-03
IONS,"Ionis Pharmaceuticals, Inc.",Biotechnology,United States,43.54,83.63636,54.0,105.0,22,7235665408,,,2026-11-04,-3.48,2026-10-03
SBSW,D/B/A Sibanye-Stillwater Limite,Other Precious Metals & Mining,South Africa,9.96,13.296672,10.255433,14.814178,5,7204768256,0.81,2026-09-18,2026-09-01,1.23,2026-10-03
AVAV,"AeroVironment, Inc.",Aerospace & Defense,United States,140.82,219.3458,148.57,315.0,19,7156572160,,,2026-12-02,-4.05,2026-10-03
VIST,Vista Energy S.A.B. de C.V.,Oil & Gas E&P,Mexico,64.25,92.39483,76.70521,115.32367,12,7107168256,,,2026-10-28,7.6,2026-10-03
FSS,Federal Signal Corporation,Farm & Heavy Construction Machinery,United States,116.34,145.625,132.0,155.0,8,7101580800,0.6,2026-08-14,2026-10-29,4.64,2026-10-03
STAG,"Stag Industrial, Inc.",Reit - Industrial,United States,36.05,41.75,38.0,46.0,12,7094916608,1.55,2026-09-30,2026-10-27,1.3,2026-10-03
PRMB,Primo Brands Corporation,Beverages - Non-Alcoholic,United States,19.51,30.36364,25.0,35.0,11,7061521920,0.48,2026-08-24,2026-11-12,0.3,2026-10-03
MSA,MSA Safety Incorporated,Security & Protection Services,United States,181.23,209.14285,190.0,223.0,7,6991542784,2.16,2026-08-14,2026-10-27,7.92,2026-10-03
NCLH,Norwegian Cruise Line Holdings ,Travel Services,United States,15.14,20.2,13.0,32.0,25,6952103936,,,2026-11-04,1.65,2026-10-03
URBN,"Urban Outfitters, Inc.",Apparel Retail,United States,80.8,89.42857,75.0,111.0,14,6921342976,,,2026-11-25,6.39,2026-10-03
MORN,"Morningstar, Inc.",Financial Data & Stock Exchanges,United States,183.55,236.66667,220.0,260.0,3,6885616128,2.0,2026-10-02,2026-10-28,10.52,2026-10-03
TAP,Molson Coors Beverage Company,Beverages - Brewers,United States,36.86,45.2381,33.0,61.0,21,6872692224,1.92,2026-08-28,2026-11-03,-11.44,2026-10-03
BTG,B2Gold Corp,Gold,Canada,5.2,6.45,4.0,7.5,5,6869567488,0.08,2026-09-10,2026-11-04,0.56,2026-10-03
DSGX,The Descartes Systems Group Inc,Software - Application,Canada,80.08,101.23077,82.0,126.0,13,6850728448,,,2026-12-02,2.15,2026-10-03
PATH,"UiPath, Inc.",Software - Infrastructure,United States,13.12,15.49882,10.0,23.0,17,6837559296,,,2026-12-02,0.67,2026-10-03
CELH,"Celsius Holdings, Inc.",Beverages - Non-Alcoholic,United States,26.75,42.28571,26.0,64.0,21,6768687104,,,2026-11-09,0.23,2026-10-03
HIMS,"Hims & Hers Health, Inc.",Drug Manufacturers - Specialty & Generic,United States,29.0,31.15385,23.0,42.0,13,6766088704,,,2026-11-09,-0.64,2026-10-03
LAD,"Lithia Motors, Inc.",Auto & Truck Dealerships,United States,307.77,447.73334,340.0,525.0,15,6765743616,2.8,2026-08-07,2026-10-21,30.21,2026-10-03
DUOL,"Duolingo, Inc.",Software - Application,United States,144.27,134.2911,80.0,210.0,18,6721989120,,,2026-11-04,8.46,2026-10-03
NOV,NOV Inc.,Oil & Gas Equipment & Services,United States,18.8,22.13158,17.0,26.0,19,6701788160,0.36,2026-09-11,2026-10-27,0.27,2026-10-03
MOS,Mosaic Company (The),Agricultural Inputs,United States,21.07,26.77222,17.0,35.0,18,6698061312,0.88,2026-09-10,2026-11-03,-2.02,2026-10-03
ETSY,"Etsy, Inc.",Internet Retail,United States,72.77,88.33333,73.0,105.0,27,6678957056,,,2026-11-04,3.16,2026-10-03
NICE,NICE Ltd,Software - Application,Israel,113.9,132.76923,100.0,170.0,13,6674220032,,,2026-11-12,6.87,2026-10-03
FLR,Fluor Corporation,Engineering & Construction,United States,49.9,61.6875,50.0,71.0,8,6673679360,,,2026-11-06,-11.69,2026-10-03
OKLO,Oklo Inc.,Utilities - Independent Power Producers,United States,35.87,75.775,14.0,130.0,20,6672452608,,,2026-11-10,-0.94,2026-10-03
MTDR,Matador Resources Company,Oil & Gas E&P,United States,53.5,69.9,59.0,101.0,20,6620850688,1.5,2026-08-10,2026-10-27,5.83,2026-10-03
MGY,Magnolia Oil & Gas Corporation,Oil & Gas E&P,United States,24.07,32.75,27.0,37.0,16,6611910144,0.66,2026-08-10,2026-11-04,2.29,2026-10-03
GLBE,Global-E Online Ltd.,Internet Retail,Israel,39.31,50.76923,45.0,64.0,13,6602798592,,,2026-11-18,0.88,2026-10-03
RNG,"Ringcentral, Inc.",Software - Application,United States,78.28,57.64286,38.0,85.0,14,6536862208,0.28,2026-08-21,2026-11-05,1.25,2026-10-03
CIFR,Cipher Digital Inc.,Information Technology Services,United States,15.71,30.93182,18.0,69.0,22,6520132608,,,2026-11-02,-2.86,2026-10-03
NE,Noble Corporation plc A,Oil & Gas Drilling,United States,40.7,48.18182,35.0,59.0,11,6497438720,2.0,2026-09-03,2026-10-27,0.94,2026-10-03
BZ,KANZHUN LIMITED - American Depo,Internet Content & Information,China,14.83,21.738655,17.057339,27.100035,22,6492637696,0.51,2026-09-28,2026-11-17,1.46,2026-10-03
TTAN,"ServiceTitan, Inc.",Software - Application,United States,67.09,97.53333,76.0,110.0,15,6472031232,,,2026-12-03,-1.37,2026-10-03
CLF,Cleveland-Cliffs Inc.,Steel,United States,11.32,12.4,10.0,15.0,10,6458512896,,,2026-10-19,-1.57,2026-10-03
OMF,"OneMain Holdings, Inc.",Credit Services,United States,56.02,68.64286,60.0,85.0,14,6444623360,4.2,2026-08-10,2026-10-30,6.63,2026-10-03
FIGR,"Figure Technology Solutions, In",Capital Markets,United States,28.53,54.5,45.0,70.0,8,6401500672,,,2026-11-12,0.94,2026-10-03
RYTM,"Rhythm Pharmaceuticals, Inc.",Biotechnology,United States,92.83,138.58824,105.0,160.0,17,6391538688,,,2026-11-03,-3.12,2026-10-03
CAG,"ConAgra Brands, Inc.",Packaged Foods,United States,13.36,14.31875,11.0,23.0,16,6378217984,0.7,2026-11-05,2026-12-18,-3.98,2026-10-03
CAVA,"CAVA Group, Inc.",Restaurants,United States,54.41,82.75,18.0,110.0,24,6355425280,,,2026-11-10,0.56,2026-10-03
NSANY,"Nissan Motor Co., Ltd.",Auto Manufacturers,Japan,3.63,6.24187,4.32562,9.0,3,6345934336,,,2026-11-05,-1.94,2026-10-03
ST,Sensata Technologies Holding pl,Scientific & Technical Instruments,United States,43.51,53.3,45.0,63.0,10,6332264960,0.48,2026-08-12,2026-10-27,0.62,2026-10-03
ZG,"Zillow Group, Inc.",Internet Content & Information,United States,28.09,47.22727,32.0,80.0,22,6317861888,,,2026-10-29,0.23,2026-10-03
MBLY,Mobileye Global Inc.,Auto Parts,Israel,7.42,11.475,6.95,27.0,22,6308391936,,,2026-10-29,-4.86,2026-10-03
TFPM,Triple Flag Precious Metals Cor,Other Precious Metals & Mining,Canada,30.61,39.5,37.0,41.0,4,6305752576,0.24,2026-08-31,2026-11-03,2.0,2026-10-03
CVLT,"Commvault Systems, Inc.",Software - Application,United States,150.28,160.55293,130.0,200.0,17,6228289024,,,2026-10-27,1.56,2026-10-03
ELF,"e.l.f. Beauty, Inc.",Household & Personal Products,United States,104.68,103.1875,65.0,127.0,16,6176956928,,,2026-11-04,0.98,2026-10-03
Z,"Zillow Group, Inc.",Internet Content & Information,United States,27.41,46.0,34.0,62.0,6,6163822592,,,2026-10-29,0.23,2026-10-03
PAGP,"Plains GP Holdings, L.P.",Oil & Gas Midstream,United States,26.06,26.07692,20.0,30.0,13,6071991296,1.63,2026-10-30,2026-11-06,0.35,2026-10-03
BLDR,"Builders FirstSource, Inc.",Building Products & Equipment,United States,56.25,79.90476,61.0,100.0,21,6052300800,,,2026-10-29,0.92,2026-10-03
CZR,"Caesars Entertainment, Inc.",Resorts & Casinos,United States,29.65,31.26667,31.0,35.0,15,6042080768,,,2026-10-27,-2.27,2026-10-03
INGR,Ingredion Incorporated,Packaged Foods,United States,95.33,121.5,108.0,150.0,6,6011889152,3.32,2026-10-01,2026-11-03,9.2,2026-10-03
SFM,"Sprouts Farmers Market, Inc.",Grocery Stores,United States,64.47,94.5,70.0,114.0,14,6011674624,,,2026-10-28,5.23,2026-10-03
LW,"Lamb Weston Holdings, Inc.",Packaged Foods,United States,43.6,54.33333,46.0,65.0,12,5994265088,1.52,2026-08-07,2026-10-06,2.08,2026-10-03
QBTS,D-Wave Quantum Inc.,Computer Hardware,United States,15.77,34.6475,18.36,43.0,16,5986712064,,,2026-11-05,-0.7,2026-10-03
BILI,Bilibili Inc.,Internet Content & Information,China,14.44,26.743118,18.036037,36.075806,30,5948272128,,,2026-11-12,0.54,2026-10-03
M,Macy's Inc,Department Stores,United States,22.73,23.36364,10.0,30.0,11,5936544768,0.77,2026-09-15,2026-12-02,2.73,2026-10-03
JOBY,"Joby Aviation, Inc.",Airports & Air Services,United States,5.95,10.67556,6.0,18.0,9,5927950848,,,2026-11-04,-0.98,2026-10-03
XMTR,"Xometry, Inc.",Industrial Distribution,United States,102.53,112.09091,95.0,126.0,11,5877385728,,,2026-11-03,-0.6,2026-10-03
POOL,Pool Corporation,Industrial Distribution,United States,161.42,217.0,185.0,260.0,12,5866123264,5.2,2026-08-13,2026-10-22,10.89,2026-10-03
LYFT,"Lyft, Inc.",Software - Application,United States,15.46,19.43784,14.0,30.0,37,5852232192,,,2026-11-04,6.84,2026-10-03
CPB,The Campbell's Company,Packaged Foods,United States,19.62,20.79412,16.0,41.5,17,5851364864,1.0,2026-10-01,2026-09-03,1.31,2026-10-03
MKTX,"MarketAxess Holdings, Inc.",Capital Markets,United States,164.14,158.0,124.0,167.0,9,5777267712,3.12,2026-08-19,2026-11-05,8.46,2026-10-03
RIG,Transocean Ltd (Switzerland),Oil & Gas Drilling,Switzerland,5.17,6.55417,4.5,10.0,12,5774270464,,,2026-10-28,-1.68,2026-10-03
ANF,Abercrombie & Fitch Company,Apparel Retail,United States,135.91,163.54546,134.0,185.0,11,5767256064,,,2026-11-25,11.58,2026-10-03
HOMB,"Home BancShares, Inc.",Banks - Regional,United States,28.67,33.25,31.0,36.0,8,5735422976,0.86,2026-08-12,2026-10-14,2.42,2026-10-03
SGHC,Super Group (SGHC) Limited,Gambling,Guernsey,11.25,19.5,18.0,22.0,8,5715864064,0.2,2026-09-22,2026-11-03,0.72,2026-10-03
ACI,"Albertsons Companies, Inc.",Grocery Stores,United States,11.75,14.1875,10.0,24.0,16,5702577152,0.68,2026-07-24,2026-10-13,0.16,2026-10-03
WFRD,Weatherford International plc,Oil & Gas Equipment & Services,United States,79.72,117.08333,93.0,151.0,12,5700944896,1.1,2026-08-06,2026-10-20,5.07,2026-10-03
CROX,"Crocs, Inc.",Footwear & Accessories,United States,118.09,138.25,95.0,163.0,12,5661833728,,,2026-10-29,11.27,2026-10-03
TTD,"The Trade Desk, Inc.",Advertising Agencies,United States,11.95,13.56667,9.0,20.0,30,5649901568,,,2026-11-05,84.0,2026-10-03
YOU,"Clear Secure, Inc.",Software - Application,United States,41.55,59.66667,45.0,75.0,6,5641994752,0.58,2026-09-10,2026-11-05,1.48,2026-10-03
VFC,V.F. Corporation,Apparel Manufacturing,United States,14.33,18.32727,13.0,40.0,22,5633618432,0.36,2026-09-10,2026-10-26,0.69,2026-10-03
EPRT,Essential Properties Realty Tru,Reit - Retail,United States,25.9,36.2,30.0,40.0,20,5616306176,1.28,2026-09-30,2026-10-21,1.29,2026-10-03
G,Genpact Limited,Information Technology Services,Bermuda,33.29,42.18182,31.0,58.0,11,5593865216,0.75,2026-09-10,2026-11-05,3.36,2026-10-03
EPAM,"EPAM Systems, Inc.",Information Technology Services,United States,108.29,122.82353,94.0,200.0,17,5586354176,,,2026-11-05,7.38,2026-10-03
NAVN,"Navan, Inc.",Software - Application,United States,21.43,30.8,26.0,38.0,15,5580597248,,,2026-09-09,-3.87,2026-10-03
PEGA,Pegasystems Inc.,Software - Application,United States,33.93,41.42857,32.0,55.0,7,5578259968,0.12,2026-10-01,2026-10-20,1.76,2026-10-03
GDS,GDS Holdings Limited,Information Technology Services,China,27.57,50.381485,40.090763,63.042675,16,5524410880,,,2026-11-18,2.27,2026-10-03
DLB,Dolby Laboratories,Specialty Business Services,United States,58.89,79.0,62.0,90.0,3,5516154880,1.44,2026-08-11,2026-11-17,2.35,2026-10-03
CVI,CVR Energy Inc.,Oil & Gas Refining & Marketing,United States,54.83,37.6,29.0,53.0,5,5512093184,0.4,2026-08-10,2026-10-28,0.69,2026-10-03
BIRK,Birkenstock Holding plc,Footwear & Accessories,United Kingdom,33.33,50.342056,33.877068,68.63672,20,5503656960,,,2026-08-13,2.07,2026-10-03
KGS,"Kodiak Gas Services, Inc.",Oil & Gas Equipment & Services,United States,54.33,83.06667,69.0,93.0,15,5492982272,1.96,2026-08-17,2026-11-03,0.88,2026-10-03
SXT,Sensient Technologies Corporati,Specialty Chemicals,United States,128.59,144.4,133.0,157.0,5,5473152000,1.64,2026-08-03,2026-10-30,3.71,2026-10-03
VRNS,"Varonis Systems, Inc.",Software - Infrastructure,United States,47.57,51.31818,28.0,60.0,22,5463913472,,,2026-10-27,-1.22,2026-10-03
BB,BlackBerry Limited,Software - Infrastructure,Canada,9.3,9.8,6.6,13.0,7,5459400192,,,2026-12-17,0.13,2026-10-03
VAL,Valaris Limited,Oil & Gas Drilling,United States,78.39,67.42857,45.0,99.0,7,5443073024,,,2026-10-28,13.26,2026-10-03
CPA,"Copa Holdings, S.A.",Airlines,Panama,132.48,178.73334,152.0,205.0,15,5407757312,6.84,2026-08-31,2026-11-18,15.23,2026-10-03
MUR,Murphy Oil Corporation,Oil & Gas E&P,United States,37.66,40.21429,32.0,52.0,14,5398544896,1.4,2026-08-17,2026-11-04,2.02,2026-10-03
OTEX,Open Text Corporation,Software - Application,Canada,22.22,27.95455,25.0,33.0,11,5391957504,1.12,2026-09-04,2026-11-05,2.58,2026-10-03
CRSP,CRISPR Therapeutics AG,Biotechnology,Switzerland,55.43,87.55556,44.0,291.0,18,5359673856,,,2026-11-09,-4.71,2026-10-03
GVA,Granite Construction Incorporat,Engineering & Construction,United States,119.92,171.66667,119.0,200.0,6,5327672832,0.52,2026-09-30,2026-11-05,-4.31,2026-10-03
AROC,"Archrock, Inc.",Oil & Gas Equipment & Services,United States,30.33,42.5,40.0,46.0,8,5318007296,0.92,2026-08-04,2026-10-27,1.86,2026-10-03
BCPC,Balchem Corporation,Specialty Chemicals,United States,166.56,209.25,165.0,242.0,4,5309602816,0.96,2025-12-23,2026-10-20,5.07,2026-10-03
CHDN,"Churchill Downs, Incorporated",Gambling,United States,76.05,130.83333,100.0,157.0,12,5300703232,0.44,2025-12-05,2026-10-28,5.89,2026-10-03
PTCT,"PTC Therapeutics, Inc.",Biotechnology,United States,63.46,101.78571,70.0,137.0,14,5296422400,,,2026-11-05,-0.67,2026-10-03
BEPC,Brookfield Renewable Corporatio,Utilities - Renewable,United States,28.52,38.85714,33.0,43.0,7,5294536192,1.57,2026-08-31,2026-11-04,-21.26,2026-10-03
CORZ,"Core Scientific, Inc.",Software - Infrastructure,United States,16.45,33.90476,16.0,55.0,21,5286050816,,,2026-10-23,-5.04,2026-10-03
CRGY,Crescent Energy Company,Oil & Gas E&P,United States,13.39,17.47059,12.0,21.0,17,5267667456,0.48,2026-08-17,2026-11-02,0.08,2026-10-03
CWST,"Casella Waste Systems, Inc.",Waste Management,United States,82.77,111.8,91.0,130.0,10,5267486720,,,2026-11-05,0.08,2026-10-03
POR,Portland General Electric Co,Utilities - Regulated Electric,United States,44.55,52.27273,44.0,62.0,11,5239425024,2.21,2026-09-25,2026-10-29,2.26,2026-10-03
NJR,NewJersey Resources Corporation,Utilities - Regulated Gas,United States,51.59,59.85714,53.0,63.0,7,5234731008,2.0,2026-09-24,2026-11-16,3.61,2026-10-03
OLLI,Ollie's Bargain Outlet Holdings,Discount Stores,United States,88.06,99.93333,76.0,130.0,15,5230678528,,,2026-09-02,4.47,2026-10-03
VEON,VEON Ltd.,Telecom Services,United Arab Emirates,75.64,86.87471,73.52299,100.0,7,5208660480,,,2026-11-06,1.0,2026-10-03
BLSH,Bullish,Software - Infrastructure,Cayman Islands,34.23,40.81818,25.0,53.0,11,5190923264,,,2026-11-12,-10.0,2026-10-03
IRDM,Iridium Communications Inc,Telecom Services,United States,48.96,42.0,36.0,54.0,5,5188856832,0.6,2026-09-15,2026-10-22,0.87,2026-10-03
ROAD,"Construction Partners, Inc.",Engineering & Construction,United States,91.08,142.57143,130.0,165.0,7,5169296384,,,2026-11-19,2.55,2026-10-03
HRB,"H&R Block, Inc.",Personal Services,United States,41.68,51.66667,36.0,60.0,3,5105510912,1.84,2026-09-03,2026-11-05,5.69,2026-10-03
USAR,"USA Rare Earth, Inc.",Other Industrial Metals & Mining,United States,13.59,35.55556,21.0,45.0,9,5101587456,,,2026-11-05,-2.69,2026-10-03
RGTI,"Rigetti Computing, Inc.",Computer Hardware,United States,15.25,28.525,17.3,40.0,12,5089973248,,,2026-11-10,-0.83,2026-10-03
ACIW,"ACI Worldwide, Inc.",Software - Infrastructure,United States,50.15,67.33333,66.0,70.0,3,5062905344,,,2026-11-05,2.18,2026-10-03
GTX,Garrett Motion Inc.,Auto Parts,United States,27.07,36.83333,34.0,42.0,6,5048376320,0.32,2026-09-01,2026-10-22,1.82,2026-10-03
GLNG,Golar LNG Limited,Oil & Gas Midstream,Bermuda,49.21,66.27778,44.5,75.0,9,5024193024,1.0,2026-08-24,2026-11-05,1.46,2026-10-03
BYD,Boyd Gaming Corporation,Resorts & Casinos,United States,67.25,95.9375,87.0,111.0,16,4886076928,0.8,2026-09-15,2026-10-22,22.54,2026-10-03
GOLF,Acushnet Holdings Corp.,Leisure,United States,83.65,99.66667,88.0,118.0,6,4885581824,1.02,2026-09-04,2026-11-04,3.68,2026-10-03
CE,Celanese Corporation,Chemicals,United States,44.19,63.11765,45.0,86.0,17,4849804800,0.12,2026-07-28,2026-11-02,-10.59,2026-10-03
NXST,"Nexstar Media Group, Inc.",Broadcasting,United States,155.42,246.75,205.0,290.0,8,4788226048,7.44,2026-08-14,2026-11-05,5.28,2026-10-03
HAE,Haemonetics Corporation,Medical Devices,United States,104.68,111.5,86.0,125.0,10,4762631168,,,2026-11-05,2.07,2026-10-03
KLAR,Klarna Group plc,Credit Services,United Kingdom,12.51,19.96667,14.0,38.3,21,4743292416,,,2026-11-17,-0.53,2026-10-03
HCC,"Warrior Met Coal, Inc.",Coking Coal,United States,89.35,109.33333,98.0,125.0,6,4717866496,0.32,2026-08-10,2026-11-04,4.16,2026-10-03
KVYO,"Klaviyo, Inc. Series A",Software - Application,United States,15.71,26.57143,19.0,36.0,21,4701685760,,,2026-11-04,0.03,2026-10-03
EQPT,EquipmentShare.com Inc,Rental & Leasing Services,United States,18.5,32.7,22.0,55.0,10,4687455232,,,2026-11-12,0.1,2026-10-03
CNX,CNX Resources Corporation,Oil & Gas E&P,United States,31.5,37.54545,32.0,48.0,11,4660224512,,,2026-10-29,6.24,2026-10-03
CRC,California Resources Corporatio,Oil & Gas E&P,United States,52.43,76.33333,59.0,91.0,12,4656827392,1.62,2026-09-04,2026-11-03,-1.25,2026-10-03
UEC,Uranium Energy Corp.,Uranium,United States,9.3,16.20909,10.0,26.75,11,4608937472,,,2026-12-08,-0.28,2026-10-03
ADT,ADT Inc.,Security & Protection Services,United States,6.25,8.23,7.0,9.0,5,4565995008,0.22,2026-09-10,2026-11-05,0.72,2026-10-03
LPX,Louisiana-Pacific Corporation,Building Products & Equipment,United States,65.1,92.07143,74.0,107.0,14,4552013824,1.2,2026-08-14,2026-11-04,0.77,2026-10-03
OMAB,Grupo Aeroportuario del Centro ,Airports & Air Services,Mexico,94.19,122.275,100.0,150.0,8,4546662400,5.77,2026-05-26,2026-10-22,6.23,2026-10-03
LFST,"LifeStance Health Group, Inc.",Medical Care Facilities,United States,11.83,14.2,12.0,18.0,10,4497223680,,,2026-11-05,0.13,2026-10-03
ATAT,Atour Lifestyle Holdings Limite,Lodging,China,32.26,49.841293,42.894592,60.222134,18,4457878528,0.54,2026-06-05,2026-11-24,2.12,2026-10-03
WHD,"Cactus, Inc. Class A Common Sto",Oil & Gas Equipment & Services,United States,63.44,69.0,57.0,83.0,9,4423872000,0.6,2026-08-31,2026-11-04,1.19,2026-10-03
ENPH,"Enphase Energy, Inc.",Solar,United States,33.47,51.6037,27.0,212.0,27,4422881280,,,2026-10-27,1.01,2026-10-03
DAVE,Dave Inc.,Software - Application,United States,346.57,444.2143,350.0,500.0,14,4420676096,,,2026-11-04,15.52,2026-10-03
CNR,"Core Natural Resources, Inc.",Thermal Coal,United States,88.96,109.5,105.0,118.0,4,4415641088,0.4,2026-08-31,2026-11-05,1.99,2026-10-03
ALK,"Alaska Air Group, Inc.",Airlines,United States,39.53,56.75,37.0,92.0,16,4411671040,,,2026-10-22,-1.61,2026-10-03
OII,"Oceaneering International, Inc.",Oil & Gas Equipment & Services,United States,44.32,46.0,38.0,52.0,4,4411153920,,,2026-10-21,3.46,2026-10-03
PSN,Parsons Corporation,Information Technology Services,United States,40.79,59.63636,50.0,72.0,11,4356592128,,,2026-11-04,1.45,2026-10-03
MARA,"MARA Holdings, Inc.",Capital Markets,United States,11.23,18.68615,11.0,30.0,13,4338140672,,,2026-11-04,-9.39,2026-10-03
STNG,Scorpio Tankers Inc.,Oil & Gas Midstream,Monaco,86.23,97.7,76.0,120.0,10,4318515200,1.8,2026-08-17,2026-10-29,16.05,2026-10-03
KBR,"KBR, Inc.",Engineering & Construction,United States,34.24,44.28571,35.0,50.0,7,4316559872,0.66,2026-09-15,2026-10-29,3.32,2026-10-03
ENVA,"Enova International, Inc.",Credit Services,United States,172.89,241.0,205.0,300.0,6,4304679424,,,2026-10-22,13.47,2026-10-03
PRIM,Primoris Services Corporation,Engineering & Construction,United States,79.08,117.8,85.0,165.0,15,4290480384,0.32,2026-09-30,2026-11-02,2.55,2026-10-03
PTEN,"Patterson-UTI Energy, Inc.",Oil & Gas Drilling,United States,11.21,14.0,12.0,19.0,14,4275324416,0.4,2026-09-01,2026-10-21,-0.24,2026-10-03
HHH,Howard Hughes Holdings Inc.,Real Estate - Development,United States,71.04,89.66667,79.0,100.0,3,4242470656,,,2026-11-09,5.06,2026-10-03
ONDS,Ondas Inc,Communication Equipment,United States,7.24,19.41667,13.0,25.0,9,4215871488,,,2026-11-12,-0.03,2026-10-03
INDV,"Indivior Pharmaceuticals, Inc.",Drug Manufacturers - Specialty & Generic,United States,35.71,49.0,43.0,53.0,4,4214920448,,2026-10-30,2026-11-05,2.75,2026-10-03
MMYT,MakeMyTrip Limited,Travel Services,India,44.62,74.3,60.0,85.0,10,4196897536,,,2026-10-27,0.23,2026-10-03
AZZ,AZZ Inc.,Specialty Business Services,United States,139.39,164.0,144.0,200.0,9,4188878592,0.96,2026-07-09,2026-10-13,6.55,2026-10-03
GEO,Geo Group Inc (The) REIT,Security & Protection Services,United States,31.36,37.75,31.0,40.0,4,4127590144,,,2026-11-05,2.12,2026-10-03
TRMD,TORM plc,Oil & Gas Midstream,United Kingdom,40.0,41.5,38.0,45.0,2,4106031104,4.42,2026-09-10,2026-11-04,6.08,2026-10-03
TDW,Tidewater Inc.,Oil & Gas Equipment & Services,United States,82.42,94.875,68.0,120.0,8,4100908544,,,2026-11-09,4.93,2026-10-03
PAM,Pampa Energia S.A.,Conglomerates,Argentina,76.39,121.09091,100.0,160.0,11,4094791680,,,2026-11-02,11.14,2026-10-03
TDS,"Telephone and Data Systems, Inc",Telecom Services,United States,35.39,47.5,47.0,48.0,2,4073955072,0.16,2026-09-15,2026-11-09,4.0,2026-10-03
LOPE,"Grand Canyon Education, Inc.",Education & Training Services,United States,155.79,195.0,185.0,200.0,3,4060671744,,,2026-11-04,8.28,2026-10-03
DLO,DLocal Limited,Software - Infrastructure,Uruguay,13.74,18.8,15.0,21.0,10,4044729088,0.19,2026-05-27,2026-11-11,0.68,2026-10-03
COLD,"Americold Realty Trust, Inc.",Reit - Industrial,United States,13.97,16.38235,13.0,21.0,17,4007250944,0.92,2026-09-30,2026-11-05,-1.59,2026-10-03
CBT,Cabot Corporation,Specialty Chemicals,United States,76.95,91.33333,78.0,100.0,6,3973005824,1.85,2026-08-28,2026-11-02,3.57,2026-10-03
KRC,Kilroy Realty Corporation,Reit - Office,United States,33.63,40.14286,31.0,50.0,14,3949593088,2.16,2026-09-30,2026-10-22,1.43,2026-10-03
TAC,TransAlta Corporation,Utilities - Independent Power Producers,Canada,12.35,12.988066,9.830116,16.146017,2,3906305024,0.2,2026-09-01,2026-11-05,-0.22,2026-10-03
PAY,"Paymentus Holdings, Inc.",Software - Infrastructure,United States,30.83,40.14286,36.0,45.0,7,3882719232,,,2026-11-02,0.66,2026-10-03
SIG,Signet Jewelers Limited,Luxury Goods,Bermuda,100.58,125.9,100.0,175.0,10,3853948416,1.4,2026-10-23,2026-12-01,8.61,2026-10-03
DHT,"DHT Holdings, Inc.",Oil & Gas Midstream,Bermuda,23.68,21.85,19.0,28.0,6,3818058240,4.88,2026-08-17,2026-10-28,2.94,2026-10-03
ITRI,"Itron, Inc.",Scientific & Technical Instruments,United States,86.51,129.6,115.0,150.0,10,3787992064,,,2026-10-29,5.98,2026-10-03
FCN,"FTI Consulting, Inc.",Consulting Services,United States,136.4,165.5,151.0,180.0,2,3766218752,,,2026-10-29,8.26,2026-10-03
ACHR,Archer Aviation Inc.,Aerospace & Defense,United States,4.89,10.61111,4.5,18.0,9,3765431040,,,2026-11-05,-1.08,2026-10-03
TGS,Transportadora de Gas del Sur S,Oil & Gas Integrated,Argentina,25.01,40.875,34.0,54.0,8,3765310720,,,2026-11-03,2.26,2026-10-03
VKTX,"Viking Therapeutics, Inc.",Biotechnology,United States,29.94,94.81579,38.0,125.0,19,3763118080,,,2026-10-28,-4.67,2026-10-03
CRK,"Comstock Resources, Inc.",Oil & Gas E&P,United States,12.78,15.96429,14.0,20.0,14,3752470528,,,2026-11-02,1.86,2026-10-03
BATRA,"Atlanta Braves Holdings, Inc. -",Entertainment,United States,57.62,,,,,3697353984,,,2026-11-04,-1.0,2026-10-03
OLED,Universal Display Corporation,Electronic Components,United States,80.37,115.37333,80.36,158.0,9,3694354688,2.0,2026-09-16,2026-11-05,4.14,2026-10-03
BOOT,"Boot Barn Holdings, Inc.",Apparel Retail,United States,121.88,217.0,160.0,282.0,14,3691116800,,,2026-10-28,7.9,2026-10-03
EE,"Excelerate Energy, Inc.",Oil & Gas Midstream,United States,32.54,43.46154,38.0,50.0,13,3690104576,0.36,2026-08-19,2026-11-04,1.46,2026-10-03
MIR,"Mirion Technologies, Inc.",Specialty Industrial Machinery,United States,14.6,24.0,20.0,29.0,11,3636022528,,,2026-10-27,0.09,2026-10-03
SEZL,Sezzle Inc.,Credit Services,United States,107.41,168.0,150.0,196.0,6,3617033472,,,2026-11-04,4.63,2026-10-03
LEGN,Legend Biotech Corporation,Biotechnology,United States,18.57,46.49923,24.0,74.0,13,3611649792,,,2026-11-11,-0.5,2026-10-03
LMND,"Lemonade, Inc.",Insurance - Property & Casualty,United States,46.49,59.22222,37.0,92.0,9,3598168832,,,2026-11-04,-1.82,2026-10-03
VAC,Marriott Vacations Worldwide Co,Resorts & Casinos,United States,104.2,123.3,65.0,147.0,10,3583992320,3.2,2026-09-16,2026-11-04,-9.57,2026-10-03
ZIM,ZIM Integrated Shipping Service,Marine Shipping,Israel,29.63,27.8,16.5,36.0,4,3570997504,1.99,2026-03-20,2026-11-19,1.15,2026-10-03
SBLK,Star Bulk Carriers Corp.,Marine Shipping,Greece,30.75,34.44,33.0,38.0,5,3569195008,1.88,2026-08-21,2026-11-18,2.55,2026-10-03
KTB,"Kontoor Brands, Inc.",Apparel Manufacturing,United States,64.71,97.5,50.0,136.0,10,3536635648,2.12,2026-09-08,2026-10-29,4.94,2026-10-03
QTWO,"Q2 Holdings, Inc.",Software - Application,United States,56.38,76.5,68.0,82.0,12,3515557888,,,2026-11-04,1.42,2026-10-03
LIF,"Life360, Inc.",Software - Application,United States,43.1,60.7,40.0,72.0,9,3511803648,,,2026-11-09,1.72,2026-10-03
PVH,PVH Corp.,Apparel Manufacturing,United States,75.53,90.83333,70.0,128.0,12,3484790272,0.15,2026-09-02,2026-12-02,-3.41,2026-10-03
SRAD,Sportradar Group AG,Software - Application,Switzerland,11.76,18.140987,13.560733,35.838116,22,3480391424,,,2026-11-04,0.06,2026-10-03
PTRN,Pattern Group Inc. - Series A,Internet Retail,United States,17.33,28.125,25.0,31.0,8,3450430720,,,2026-11-04,-1.23,2026-10-03
SHOO,"Steven Madden, Ltd.",Footwear & Accessories,United States,45.97,52.4,36.0,60.0,10,3363951104,0.84,2026-09-11,2026-11-04,2.04,2026-10-03
WRBY,Warby Parker Inc.,Medical Instruments & Supplies,United States,27.03,30.46154,24.0,35.0,13,3341125888,,,2026-11-05,0.06,2026-10-03
BATRK,"Atlanta Braves Holdings, Inc. -",Entertainment,United States,52.03,63.4,49.0,74.0,5,3338655488,,,2026-11-04,-1.0,2026-10-03
FRSH,Freshworks Inc.,Software - Application,United States,12.78,14.78571,10.0,25.0,14,3334567424,,,2026-11-03,0.63,2026-10-03
MNDY,monday.com Ltd.,Software - Application,Israel,78.8,108.86957,87.0,165.0,23,3331200768,,,2026-11-09,2.36,2026-10-03
CXW,"CoreCivic, Inc.",Security & Protection Services,United States,33.43,41.8,40.0,45.0,5,3306009344,,,2026-11-04,1.26,2026-10-03
LRN,"Stride, Inc.",Education & Training Services,United States,78.89,109.0,93.0,125.0,2,3278656000,,,2026-10-27,7.1,2026-10-03
CLSK,"CleanSpark, Inc.",Capital Markets,United States,12.74,23.89286,21.0,27.0,14,3271849472,,,2026-11-24,-3.78,2026-10-03
LIFE,Ethos Technologies Inc.,Insurance Brokers,United States,34.12,35.625,32.0,40.0,8,3270008064,,,2026-11-04,-1.65,2026-10-03
NVTS,Navitas Semiconductor Corporati,Semiconductors,United States,12.4,14.075,8.0,21.0,8,3255687680,,,2026-11-02,-1.34,2026-10-03
COCO,"The Vita Coco Company, Inc.",Beverages - Non-Alcoholic,United States,55.97,81.9,68.0,90.0,10,3238656768,,,2026-10-28,1.81,2026-10-03
BBWI,"Bath & Body Works, Inc.",Specialty Retail,United States,16.06,24.0625,17.0,54.0,16,3238423552,0.8,2026-08-21,2026-11-19,3.81,2026-10-03
NHI,"National Health Investors, Inc.",Reit - Healthcare Facilities,United States,65.72,81.875,73.0,90.0,8,3227537664,3.76,2026-09-30,2026-11-05,3.46,2026-10-03
ASH,Ashland Inc.,Specialty Chemicals,United States,69.52,80.18182,70.0,90.0,11,3183554816,1.68,2026-09-01,2026-11-03,1.56,2026-10-03
ABG,Asbury Automotive Group Inc,Auto & Truck Dealerships,United States,175.88,258.36365,190.0,315.0,11,3157383168,,,2026-10-27,26.62,2026-10-03
ARLP,"Alliance Resource Partners, L.P",Thermal Coal,United States,24.53,31.16667,29.0,33.5,3,3156000512,2.4,2026-08-07,2026-10-26,2.05,2026-10-03
WSC,WillScot Holdings Corporation,Rental & Leasing Services,United States,17.3,29.9,26.0,37.0,10,3134603520,0.28,2026-09-02,2026-11-09,-0.38,2026-10-03
PII,Polaris Inc.,Recreational Vehicles,United States,53.71,71.93333,46.0,85.0,15,3056288256,2.72,2026-09-01,2026-10-26,-4.6,2026-10-03
LBTYA,Liberty Global Ltd.,Telecom Services,Bermuda,8.92,14.66154,10.0,25.0,13,3042500864,,,2026-11-03,-9.03,2026-10-03
WIX,Wix.com Ltd.,Software - Infrastructure,Israel,72.62,79.65,50.0,135.0,20,3039111680,,,2026-11-18,-3.43,2026-10-03
BTDR,Bitdeer Technologies Group,Software - Application,Singapore,11.02,21.78571,10.0,35.0,14,2995040512,,,2026-11-09,-1.91,2026-10-03
YETI,"YETI Holdings, Inc.",Leisure,United States,40.87,54.93333,43.0,80.0,15,2983052288,,,2026-11-05,2.28,2026-10-03
AEO,"American Eagle Outfitters, Inc.",Apparel Retail,United States,17.71,18.54545,15.0,27.0,11,2967723520,0.5,2026-10-09,2026-12-01,1.94,2026-10-03
COLM,Columbia Sportswear Company,Apparel Manufacturing,United States,57.27,69.83333,47.0,92.0,6,2931834112,1.2,2026-08-20,2026-10-29,3.83,2026-10-03
WING,Wingstop Inc.,Restaurants,United States,106.89,197.61539,120.0,265.0,26,2911955712,1.32,2026-08-14,2026-10-28,4.23,2026-10-03
FRPT,"Freshpet, Inc.",Packaged Foods,United States,60.26,84.25,70.0,104.0,16,2895979264,,,2026-11-02,3.86,2026-10-03
BHF,"Brighthouse Financial, Inc.",Insurance - Life,United States,50.02,65.0,55.0,70.0,6,2876728576,,,2026-11-05,12.61,2026-10-03
GRBK,"Green Brick Partners, Inc.",Residential Construction,United States,66.66,62.0,62.0,62.0,1,2867093248,,,2026-10-28,6.64,2026-10-03
FOUR,"Shift4 Payments, Inc.",Software - Infrastructure,United States,36.17,55.04762,40.0,96.0,21,2855987456,,,2026-11-05,0.64,2026-10-03
LEU,Centrus Energy Corp.,Uranium,United States,139.27,247.39824,168.77,340.0,17,2848504320,,,2026-11-04,1.9,2026-10-03
UUUU,Energy Fuels Inc,Uranium,United States,10.73,24.15,16.0,32.5,5,2841020160,,,2026-11-02,-0.33,2026-10-03
FIZZ,National Beverage Corp.,Beverages - Non-Alcoholic,United States,30.32,31.0,31.0,31.0,1,2838415872,,2026-07-13,2026-12-10,1.86,2026-10-03
QS,QuantumScape Corporation,Auto Parts,United States,4.57,6.6625,2.5,10.0,8,2811213056,,,2026-10-21,-0.67,2026-10-03
CWK,Cushman & Wakefield Ltd.,Real Estate Services,United States,11.92,17.72727,15.0,21.0,11,2797787392,,,2026-10-29,0.29,2026-10-03
SDRL,Seadrill Limited,Oil & Gas Drilling,United States,43.85,54.0,26.0,80.0,9,2742442240,,,2026-11-04,0.03,2026-10-03
GPOR,Gulfport Energy Corporation,Oil & Gas E&P,United States,154.4,214.84615,180.0,253.0,13,2730388736,,,2026-11-03,26.28,2026-10-03
PLUG,"Plug Power, Inc.",Electrical Equipment & Parts,United States,1.9,3.55312,0.75,7.0,16,2654670848,,,2026-11-09,-1.32,2026-10-03
ACHC,"Acadia Healthcare Company, Inc.",Medical Care Facilities,United States,28.06,33.78571,17.0,41.0,14,2612393472,,,2026-11-04,-12.42,2026-10-03
GPK,Graphic Packaging Holding Compa,Packaging & Containers,United States,8.78,11.94545,9.0,18.0,11,2599508480,0.44,2026-09-15,2026-11-03,0.65,2026-10-03
FRMI,Fermi Inc.,Reit - Specialty,United States,4.03,17.125,6.0,35.0,8,2581083392,,,2026-11-09,-1.46,2026-10-03
LFTO,"Liftoff Mobile, Inc.",Advertising Agencies,United States,15.15,33.4,18.0,42.0,15,2565372416,,,2026-11-11,0.21,2026-10-03
NOG,"Northern Oil and Gas, Inc.",Oil & Gas E&P,United States,23.83,30.44444,25.0,38.0,9,2539065600,1.8,2026-09-29,2026-11-09,-4.83,2026-10-03
KD,"Kyndryl Holdings, Inc.",Information Technology Services,United States,11.56,14.2,13.0,16.0,5,2517979136,,,2026-11-03,0.37,2026-10-03
VIA,"Via Transportation, Inc.",Software - Application,United States,29.33,35.77778,25.0,55.0,9,2497216512,,,2026-11-05,-2.93,2026-10-03
AMC,"AMC Entertainment Holdings, Inc",Entertainment,United States,2.77,2.95,2.2,4.0,6,2472514816,,,2026-10-20,-1.06,2026-10-03
TTAM,Titan America SA,Building Materials,Belgium,13.37,17.85714,14.0,22.0,7,2465071616,0.16,2026-10-01,2026-11-04,0.96,2026-10-03
LUNR,"Intuitive Machines, Inc.",Aerospace & Defense,United States,14.71,29.5,13.0,43.0,8,2374384640,,,2026-11-10,-0.94,2026-10-03
COTY,Coty Inc.,Household & Personal Products,United States,2.66,2.64969,1.5,4.0,13,2342626048,,,2026-11-05,-0.7,2026-10-03
AAP,Advance Auto Parts Inc.,Auto Parts,United States,38.68,50.21053,33.0,70.0,19,2336272128,1.0,2026-10-09,2026-11-05,1.79,2026-10-03
GRND,Grindr Inc.,Software - Application,United States,13.43,20.8,19.0,22.0,5,2334411008,,,2026-11-05,0.47,2026-10-03
CLOV,"Clover Health Investments, Corp",Healthcare Plans,United States,4.38,5.375,5.0,6.0,4,2326464512,,,2026-11-04,-0.05,2026-10-03
RH,RH,Specialty Retail,United States,120.46,165.82353,81.0,258.0,17,2280688384,,,2026-12-10,5.66,2026-10-03
UPST,"Upstart Holdings, Inc.",Credit Services,United States,22.81,40.0,20.0,61.0,16,2219710464,,,2026-11-03,0.52,2026-10-03
RXRX,"Recursion Pharmaceuticals, Inc.",Biotechnology,United States,4.12,7.21667,4.0,10.0,6,2209436672,,,2026-11-04,-1.0,2026-10-03
STNE,StoneCo Ltd.,Software - Infrastructure,Cayman Islands,9.55,14.793684,7.9127975,23.165272,17,2202188288,,2026-04-24,2026-11-12,2.62,2026-10-03
PTON,"Peloton Interactive, Inc.",Leisure,United States,4.92,7.9,4.0,20.0,15,2159249408,,,2026-11-05,0.14,2026-10-03
TMC,TMC the metals company Inc.,Other Industrial Metals & Mining,Canada,3.79,10.9,10.0,12.3,7,2144521984,,,2026-11-12,-0.75,2026-10-03
KSS,Kohl's Corporation,Department Stores,United States,18.81,18.73077,9.0,41.5,13,2132610944,0.5,2026-09-09,2026-11-24,2.33,2026-10-03
ALGT,Allegiant Travel Company,Airlines,United States,77.61,124.57143,100.0,165.0,14,2121683200,,,2026-11-04,1.16,2026-10-03
STUB,"StubHub Holdings, Inc.",Internet Content & Information,United States,5.41,11.125,7.0,16.0,12,2067106560,,,2026-11-12,-5.91,2026-10-03
CC,Chemours Company (The),Specialty Chemicals,United States,13.71,18.55556,15.0,24.0,9,2063341184,0.35,2026-08-14,2026-11-05,-2.02,2026-10-03
SEDG,"SolarEdge Technologies, Inc.",Solar,Israel,33.09,39.5,26.0,100.0,20,2035886976,,,2026-11-04,-4.49,2026-10-03
UAA,"Under Armour, Inc.",Apparel Manufacturing,United States,4.71,6.27105,4.0,12.0,19,2023159552,,,2026-11-05,-1.15,2026-10-03
STDN,"Standard Nuclear, Inc.",Specialty Chemicals,United States,12.52,17.5,13.0,20.0,8,2011632768,,,2026-11-16,-0.1,2026-10-03
PENN,"PENN Entertainment, Inc.",Resorts & Casinos,United States,14.77,24.39474,18.0,30.0,19,1981624704,,,2026-11-05,-6.23,2026-10-03
ASAN,"Asana, Inc.",Software - Application,United States,8.62,10.07692,6.25,15.0,13,1973722368,,,2026-12-02,-0.67,2026-10-03
VERX,"Vertex, Inc.",Software - Application,United States,12.01,17.15385,12.0,25.0,13,1948238080,,,2026-11-02,0.02,2026-10-03
PGNY,"Progyny, Inc.",Healthcare Plans,United States,25.23,34.41667,30.0,40.0,12,1935817088,,,2026-11-05,0.92,2026-10-03
QUBT,Quantum Computing Inc.,Computer Hardware,United States,8.18,18.66667,10.0,32.0,6,1851517440,,,2026-11-09,-0.04,2026-10-03
SRPT,"Sarepta Therapeutics, Inc.",Biotechnology,United States,17.5,21.72727,5.0,38.0,22,1848472960,,,2026-11-04,-1.57,2026-10-03
RUN,Sunrun Inc.,Solar,United States,7.71,15.86842,10.0,30.0,19,1839214976,,,2026-11-05,1.47,2026-10-03
LIME,"Neutron Holdings, Inc.",Rental & Leasing Services,United States,27.22,39.42857,36.0,45.0,7,1742785920,,,2026-11-03,3.28,2026-10-03
NVAX,"Novavax, Inc.",Biotechnology,United States,10.46,14.00222,7.0,25.0,9,1725332352,,,2026-11-05,-1.53,2026-10-03
SAM,"Boston Beer Company, Inc. (The)",Beverages - Brewers,United States,167.5,199.0,160.0,295.0,12,1723856512,,,2026-10-22,-6.69,2026-10-03
CPRI,Capri Holdings Limited,Luxury Goods,United Kingdom,14.44,22.21875,16.0,45.5,16,1657655680,,,2026-11-03,0.78,2026-10-03
LCID,"Lucid Group, Inc.",Auto Manufacturers,United States,4.13,7.94444,3.5,17.0,9,1627509888,,,2026-11-04,-13.72,2026-10-03
GSHD,"Goosehead Insurance, Inc.",Insurance Brokers,United States,45.51,67.25,44.0,100.0,12,1626445056,,,2026-10-21,1.37,2026-10-03
GENI,Genius Sports Limited,Internet Content & Information,United Kingdom,6.02,10.88095,6.0,20.0,21,1611114240,,,2026-11-03,-0.67,2026-10-03
WWW,"Wolverine World Wide, Inc.",Footwear & Accessories,United States,19.2,24.3,19.0,31.0,10,1575673728,0.4,2026-10-01,2026-11-12,1.28,2026-10-03
JBLU,JetBlue Airways Corporation,Airlines,United States,4.15,4.97,3.5,8.0,15,1565845632,,,2026-10-27,-2.35,2026-10-03
GLOB,Globant S.A.,Information Technology Services,Luxembourg,35.1,51.59091,33.0,100.0,22,1515602304,,,2026-11-19,2.56,2026-10-03
ENR,"Energizer Holdings, Inc.",Electrical Equipment & Parts,United States,22.11,22.33333,18.0,28.0,6,1514173312,1.2,2026-08-19,2026-11-17,1.19,2026-10-03
AESI,Atlas Energy Solutions Inc.,Oil & Gas Equipment & Services,United States,12.04,18.0,12.0,25.0,13,1503863168,,,2026-11-02,-0.95,2026-10-03
FLNC,"Fluence Energy, Inc.",Utilities - Renewable,United States,7.61,10.0,3.0,23.0,20,1481383808,,,2026-11-23,-0.6,2026-10-03
ULCC,"Frontier Group Holdings, Inc.",Airlines,United States,6.19,6.55556,4.0,9.0,9,1425035648,,,2026-11-05,-1.68,2026-10-03
GT,The Goodyear Tire & Rubber Comp,Auto Parts,United States,4.84,7.31429,6.0,9.0,7,1393430016,,,2026-11-03,-8.84,2026-10-03
ADNT,Adient plc,Auto Parts,Ireland,17.31,29.54545,21.0,64.0,11,1357335680,,,2026-11-04,0.55,2026-10-03
FMC,FMC Corporation,Agricultural Inputs,United States,8.44,13.575,11.0,21.0,16,1312808192,0.32,2026-09-30,2026-10-29,-21.49,2026-10-03
BBAI,"BigBear.ai, Inc.",Information Technology Services,United States,2.65,4.0,4.0,4.0,2,1270660480,,,2026-11-02,-0.02,2026-10-03
ASIC,Ategrity Specialty Insurance Co,Insurance - Property & Casualty,United States,26.17,29.1,28.0,30.0,5,1254247680,,,2026-10-21,2.16,2026-10-03
NBR,Nabors Industries Ltd.,Oil & Gas Drilling,Bermuda,79.64,106.625,80.0,130.0,8,1209857664,,,2026-10-27,14.82,2026-10-03
TV,Grupo Televisa S.A.B.,Telecom Services,Mexico,2.29,3.81599,2.0579221,9.769082,7,1206967424,,,2026-10-28,-4.23,2026-10-03
WEN,Wendy's Company (The),Restaurants,United States,6.12,7.56944,5.0,11.0,18,1166899968,0.28,2026-09-01,2026-11-06,0.66,2026-10-03
EOSE,"Eos Energy Enterprises, Inc.",Electrical Equipment & Parts,United States,3.21,6.5,4.0,10.0,9,1161016320,,,2026-11-04,-6.29,2026-10-03
SG,"Sweetgreen, Inc.",Restaurants,United States,9.1,7.875,4.4,11.0,12,1083276032,,,2026-11-05,0.09,2026-10-03
SGML,Sigma Lithium Corporation,Other Industrial Metals & Mining,Canada,9.09,11.33333,10.0,13.0,3,1023245952,,,2026-11-13,-0.24,2026-10-03
UPWK,Upwork Inc.,Internet Content & Information,United States,8.05,9.875,8.0,14.0,8,1005472128,,,2026-11-02,0.78,2026-10-03
RCAT,"Red Cat Holdings, Inc.",Aerospace & Defense,United States,6.4,16.5,9.0,25.0,8,977371968,,,2026-11-05,-0.8,2026-10-03
LAC,Lithium Americas Corp.,Other Industrial Metals & Mining,Canada,2.55,5.61111,3.3,10.0,9,925759488,,,2026-11-13,-0.45,2026-10-03
PXED,"Phoenix Education Partners, Inc",Education & Training Services,United States,25.11,41.375,34.0,51.0,8,905149632,0.84,2026-07-29,2026-11-19,2.18,2026-10-03
LAR,Lithium Argentina AG,Other Industrial Metals & Mining,Switzerland,5.49,11.69375,8.5,19.8,8,900908992,,,2026-11-09,-0.34,2026-10-03
BKSY,BlackSky Technology Inc.,Specialty Business Services,United States,21.92,38.42375,33.0,50.0,8,897072640,,,2026-11-05,-1.73,2026-10-03
BTGO,"BitGo Holdings, Inc.",Capital Markets,United States,7.38,10.35417,7.25,15.0,12,867486720,,,2026-11-12,-0.91,2026-10-03
BW,"Babcock & Wilcox Enterprises, I",Specialty Industrial Machinery,United States,5.7,22.0,20.0,25.0,4,849100864,,,2026-11-03,-0.67,2026-10-03
RPD,"Rapid7, Inc.",Software - Infrastructure,United States,12.19,11.71,8.76,15.0,21,821613760,,,2026-11-03,0.31,2026-10-03
SABR,Sabre Corporation,Software - Infrastructure,United States,1.97,2.13,1.75,2.6,5,795058944,,,2026-11-04,-0.19,2026-10-03
SSYS,"Stratasys, Ltd.",Computer Hardware,United States,8.7,12.0,11.5,12.5,3,762006912,,,2026-11-12,-1.37,2026-10-03
GOOS,Canada Goose Holdings Inc. Subo,Apparel Manufacturing,Canada,7.66,9.49167,7.0,12.0,6,748080256,,,2026-11-05,0.42,2026-10-03
RVI,Robinhood Ventures Fund I,Asset Management,United States,27.44,,,,,747663616,,,,,2026-10-03
VLRS,Controladora Vuela Compania de ,Airlines,Mexico,6.49,9.46154,7.4,12.0,13,746034368,,,2026-10-26,-1.6,2026-10-03
BALY,Bally's Corporation,Resorts & Casinos,United States,14.09,9.33333,7.0,11.0,3,711115520,,,2026-11-09,-14.57,2026-10-03
FINV,FinVolution Group,Credit Services,China,2.9,5.5859838,4.117963,7.620434,6,684672640,0.31,2026-04-16,2026-11-18,1.1,2026-10-03
ELMT,The Elmet Group Co.,Aerospace & Defense,United States,22.13,23.0,20.0,26.0,4,674068672,,,2026-11-16,-0.35,2026-10-03
SWBI,"Smith & Wesson Brands, Inc.",Aerospace & Defense,United States,14.64,17.25,16.5,18.0,2,656452928,0.52,2026-09-17,2026-12-03,0.55,2026-10-03
ARRY,"Array Technologies, Inc.",Solar,United States,4.08,8.48913,4.0,13.0,23,627611648,,,2026-11-04,-0.96,2026-10-03
HPP,"Hudson Pacific Properties, Inc.",Reit - Office,United States,11.48,16.81818,9.0,26.0,11,623005120,,,2026-11-05,-8.84,2026-10-03
ENVX,Enovix Corporation,Electrical Equipment & Parts,United States,2.8,11.35,5.0,21.0,10,614455872,,,2026-10-27,-0.79,2026-10-03
GEMI,"Gemini Space Station, Inc.",Capital Markets,United States,4.67,5.22,3.2,7.0,10,605475776,,,2026-11-09,-14.71,2026-10-03
TLRY,"Tilray Brands, Inc.",Drug Manufacturers - Specialty & Generic,Canada,3.61,7.21875,4.0,17.0,8,533493536,,,2026-10-08,-1.09,2026-10-03
ALLO,"Allogene Therapeutics, Inc.",Biotechnology,United States,1.5,9.0,4.0,14.0,9,518236320,,,2026-11-05,-0.66,2026-10-03
NB,NioCorp Developments Ltd.,Other Industrial Metals & Mining,United States,3.47,11.11667,4.7,15.0,6,506098240,,,2026-11-16,-0.41,2026-10-03
DNUT,"Krispy Kreme, Inc.",Grocery Stores,United States,2.89,4.08333,3.0,5.0,6,501415008,,,2026-11-05,-0.55,2026-10-03
OIS,"Oil States International, Inc.",Oil & Gas Equipment & Services,United States,8.23,11.0,8.0,14.0,4,496455136,,,2026-10-29,-1.84,2026-10-03
BMBL,Bumble Inc.,Internet Content & Information,United States,2.54,3.79,3.0,5.0,10,389170592,,,2026-11-04,-4.14,2026-10-03
GLOO,"Gloo Holdings, Inc.",Software - Application,United States,4.12,11.16667,7.0,17.0,6,377107872,,,2026-09-09,-7.41,2026-10-03
ABAT,American Battery Technology Com,Waste Management,United States,2.19,6.0,5.0,7.0,2,312245312,,,2026-11-06,-0.58,2026-10-03
FVRR,Fiverr International Ltd.,Internet Content & Information,Israel,8.54,10.75,9.0,13.0,6,307019200,,,2026-11-04,0.81,2026-10-03
RWAY,Runway Growth Finance Corp.,Asset Management,United States,6.55,8.03571,5.5,11.0,7,274509888,1.32,2026-08-17,2026-11-05,0.24,2026-10-03
FUBO,fuboTV Inc.,Broadcasting,United States,8.66,17.0,12.0,23.0,8,261569024,,,2026-11-04,3.84,2026-10-03
CHPT,"ChargePoint Holdings, Inc.",Specialty Retail,United States,9.29,7.5,6.5,9.0,5,249439504,,,2026-12-02,-7.16,2026-10-03
PLAY,"Dave & Buster's Entertainment, ",Entertainment,United States,6.75,13.0,9.0,22.0,6,235106848,,,2026-12-08,-2.56,2026-10-03
AIRO,"AIRO Group Holdings, Inc.",Aerospace & Defense,United States,6.59,16.5,13.0,20.0,2,207953488,,,2026-11-13,-0.95,2026-10-03
DPRO,Draganfly Inc.,Aerospace & Defense,Canada,5.29,10.652981,7.9733243,13.690419,6,206869456,,,2026-11-12,-0.52,2026-10-03
REA,"Rare Earths Americas, Inc.",Other Industrial Metals & Mining,United States,10.03,25.86,12.3,34.0,5,205739168,,,,-1.93,2026-10-03
NKTX,"Nkarta, Inc.",Biotechnology,United States,2.58,10.83333,9.0,14.0,6,184433840,,,2026-11-10,-1.59,2026-10-03
KRRO,"Korro Bio, Inc.",Biotechnology,United States,9.64,20.2,10.0,30.0,10,141955232,,,2026-11-12,-9.88,2026-10-03
CHGG,"Chegg, Inc.",Education & Training Services,United States,0.74,2.79167,2.0,4.0,6,81938280,,,2026-11-09,-0.48,2026-10-03
OM,"Outset Medical, Inc.",Medical Devices,United States,3.96,7.66667,6.0,10.0,3,74436768,,,2026-11-09,-3.8,2026-10-03
STEM,"Stem, Inc.",Utilities - Renewable,United States,4.26,7.45,6.75,8.0,5,41009932,,,2026-10-28,-8.74,2026-10-03
KPRX,"Kiora Pharmaceuticals, Inc.",Biotechnology,United States,2.56,12.0,12.0,12.0,1,11326430,,,2025-08-07,-2.41,2026-10-03
ITT,ITT Inc.,Specialty Industrial Machinery,United States,206.17,258.46155,175.0,285.0,13,,1.54,2026-09-08,2026-10-27,5.09,2026-10-03
KOF,Coca Cola Femsa S.A.B. de C.V.,Beverages - Non-Alcoholic,Mexico,106.5,121.59154,106.0,134.0,13,,4.24,2026-10-09,2026-10-27,-1.63,2026-10-03
LTM,LATAM Airlines Group S.A.,Airlines,Chile,47.92,74.26,69.0,80.0,10,,1.53,2026-05-08,2026-11-19,5.41,2026-10-03
PSUS,PSUS,Asset Management,United States,37.14,42.0,42.0,42.0,1,,,,,,2026-10-03
